Uri Identifier,Label,Notation,Parent Uri Identifier,Sort Priority,Description
adur,Adur,adur,,0,
allerdale,Allerdale,allerdale,,1,
amber-valley,Amber Valley,amber-valley,,2,
arun,Arun,arun,,3,
ashfield,Ashfield,ashfield,,4,
ashford,Ashford,ashford,,5,
aylesbury-vale,Aylesbury Vale,aylesbury-vale,,6,
babergh,Babergh,babergh,,7,
barking-and-dagenham,Barking and Dagenham,barking-and-dagenham,,8,
barnet,Barnet,barnet,,9,
barnsley,Barnsley,barnsley,,10,
barrow-in-furness,Barrow-in-Furness,barrow-in-furness,,11,
basildon,Basildon,basildon,,12,
basingstoke-and-deane,Basingstoke and Deane,basingstoke-and-deane,,13,
bassetlaw,Bassetlaw,bassetlaw,,14,
bath-and-north-east-somerset,Bath and North East Somerset,bath-and-north-east-somerset,,15,
bedford,Bedford,bedford,,16,
bexley,Bexley,bexley,,17,
birmingham,Birmingham,birmingham,,18,
blaby,Blaby,blaby,,19,
blackburn-with-darwen,Blackburn with Darwen,blackburn-with-darwen,,20,
blackpool,Blackpool,blackpool,,21,
bolsover,Bolsover,bolsover,,22,
bolton,Bolton,bolton,,23,
boston,Boston,boston,,24,
bournemouth,Bournemouth,bournemouth,,25,
bournemouth-christchurch-and-poole,"Bournemouth, Christchurch and Poole",bournemouth-christchurch-and-poole,,26,
bracknell-forest,Bracknell Forest,bracknell-forest,,27,
bradford,Bradford ,bradford,,28,
braintree,Braintree,braintree,,29,
breckland,Breckland,breckland,,30,
brent,Brent ,brent,,31,
brentwood,Brentwood,brentwood,,32,
brighton-and-hove,Brighton and Hove,brighton-and-hove,,33,
bristol-city-of,"Bristol, City of",bristol-city-of,,34,
broadland,Broadland,broadland,,35,
bromley,Bromley,bromley,,36,
bromsgrove,Bromsgrove,bromsgrove,,37,
broxbourne,Broxbourne,broxbourne,,38,
broxtowe,Broxtowe,broxtowe,,39,
buckinghamshire,Buckinghamshire,buckinghamshire,,40,
burnley,Burnley,burnley,,41,
bury,Bury,bury,,42,
calderdale,Calderdale,calderdale,,43,
cambridge,Cambridge,cambridge,,44,
cambridgeshire,Cambridgeshire,cambridgeshire,,45,
cambridgeshire-and-peterborough,Cambridgeshire and Peterborough,cambridgeshire-and-peterborough,,46,
camden,Camden,camden,,47,
cannock-chase,Cannock Chase,cannock-chase,,48,
canterbury,Canterbury,canterbury,,49,
carlisle,Carlisle,carlisle,,50,
castle-point,Castle Point,castle-point,,51,
central-bedfordshire,Central Bedfordshire,central-bedfordshire,,52,
charnwood,Charnwood,charnwood,,53,
chelmsford,Chelmsford,chelmsford,,54,
cheltenham,Cheltenham,cheltenham,,55,
cherwell,Cherwell,cherwell,,56,
cheshire-east,Cheshire East,cheshire-east,,57,
cheshire-west-and-chester,Cheshire West and Chester,cheshire-west-and-chester,,58,
chesterfield,Chesterfield,chesterfield,,59,
chichester,Chichester,chichester,,60,
chiltern,Chiltern,chiltern,,61,
chorley,Chorley,chorley,,62,
christchurch,Christchurch,christchurch,,63,
city-of-london,City of London,city-of-london,,64,
colchester,Colchester,colchester,,65,
copeland,Copeland,copeland,,66,
corby,Corby,corby,,67,
cornwall,Cornwall,cornwall,,68,
cotswold,Cotswold,cotswold,,69,
county-durham,County Durham,county-durham,,70,
coventry,Coventry,coventry,,71,
craven,Craven,craven,,72,
crawley,Crawley,crawley,,73,
croydon,Croydon,croydon,,74,
cumberland,Cumberland,cumberland,,75,
cumbria,Cumbria ,cumbria,,76,
dacorum,Dacorum,dacorum,,77,
darlington,Darlington,darlington,,78,
dartford,Dartford,dartford,,79,
daventry,Daventry,daventry,,80,
derby,Derby ,derby,,81,
derbyshire,Derbyshire,derbyshire,,82,
derbyshire-dales,Derbyshire Dales,derbyshire-dales,,83,
devon,Devon,devon,,84,
doncaster,Doncaster,doncaster,,85,
dorset,Dorset,dorset,,86,
dover,Dover,dover,,87,
dudley,Dudley ,dudley,,88,
ealing,Ealing,ealing,,89,
east-cambridgeshire,East Cambridgeshire,east-cambridgeshire,,90,
east-devon,East Devon,east-devon,,91,
east-dorset,East Dorset,east-dorset,,92,
east-hampshire,East Hampshire,east-hampshire,,93,
east-hertfordshire,East Hertfordshire,east-hertfordshire,,94,
east-lindsey,East Lindsey,east-lindsey,,95,
east-midlands,East Midlands,east-midlands,,96,
east-northamptonshire,East Northamptonshire,east-northamptonshire,,97,
east-riding-of-yorkshire,East Riding of Yorkshire,east-riding-of-yorkshire,,98,
east-staffordshire,East Staffordshire,east-staffordshire,,99,
east-suffolk,East Suffolk,east-suffolk,,100,
east-sussex,East Sussex,east-sussex,,101,
east-of-england,East of England,east-of-england,,102,
eastbourne,Eastbourne,eastbourne,,103,
eastleigh,Eastleigh,eastleigh,,104,
eden,Eden,eden,,105,
elmbridge,Elmbridge,elmbridge,,106,
enfield,Enfield,enfield,,107,
england,England,england,,108,
epping-forest,Epping Forest,epping-forest,,109,
epsom-and-ewell,Epsom and Ewell,epsom-and-ewell,,110,
erewash,Erewash,erewash,,111,
essex,Essex,essex,,112,
exeter,Exeter,exeter,,113,
fareham,Fareham,fareham,,114,
fenland,Fenland,fenland,,115,
folkestone-and-hythe,Folkestone and Hythe,folkestone-and-hythe,,116,
forest-heath,Forest Heath,forest-heath,,117,
forest-of-dean,Forest of Dean,forest-of-dean,,118,
fylde,Fylde,fylde,,119,
gateshead,Gateshead,gateshead,,120,
gedling,Gedling,gedling,,121,
gloucester,Gloucester,gloucester,,122,
gloucestershire,Gloucestershire,gloucestershire,,123,
gosport,Gosport,gosport,,124,
gravesham,Gravesham,gravesham,,125,
great-yarmouth,Great Yarmouth,great-yarmouth,,126,
greater-london-authority,Greater London Authority,greater-london-authority,,127,
greater-manchester,Greater Manchester,greater-manchester,,128,
greenwich,Greenwich,greenwich,,129,
guildford,Guildford,guildford,,130,
hackney,Hackney,hackney,,131,
halton,Halton,halton,,132,
hambleton,Hambleton,hambleton,,133,
hammersmith-and-fulham,Hammersmith and Fulham ,hammersmith-and-fulham,,134,
hampshire,Hampshire,hampshire,,135,
harborough,Harborough,harborough,,136,
haringey,Haringey,haringey,,137,
harlow,Harlow,harlow,,138,
harrogate,Harrogate,harrogate,,139,
harrow,Harrow,harrow,,140,
hart,Hart,hart,,141,
hartlepool,Hartlepool,hartlepool,,142,
hastings,Hastings,hastings,,143,
havant,Havant,havant,,144,
havering,Havering,havering,,145,
herefordshire-county-of,"Herefordshire, County of",herefordshire-county-of,,146,
hertfordshire,Hertfordshire ,hertfordshire,,147,
hertsmere,Hertsmere,hertsmere,,148,
high-peak,High Peak,high-peak,,149,
hillingdon,Hillingdon,hillingdon,,150,
hinckley-and-bosworth,Hinckley and Bosworth,hinckley-and-bosworth,,151,
horsham,Horsham,horsham,,152,
hounslow,Hounslow,hounslow,,153,
huntingdonshire,Huntingdonshire,huntingdonshire,,154,
hyndburn,Hyndburn,hyndburn,,155,
ipswich,Ipswich,ipswich,,156,
isle-of-wight,Isle of Wight,isle-of-wight,,157,
isles-of-scilly,Isles of Scilly,isles-of-scilly,,158,
islington,Islington,islington,,159,
kensington-and-chelsea,Kensington and Chelsea,kensington-and-chelsea,,160,
kent,Kent,kent,,161,
kettering,Kettering,kettering,,162,
king-s-lynn-and-west-norfolk,King's Lynn and West Norfolk,king-s-lynn-and-west-norfolk,,163,
kingston-upon-hull-city-of,"Kingston upon Hull, City of",kingston-upon-hull-city-of,,164,
kingston-upon-thames,Kingston upon Thames,kingston-upon-thames,,165,
kirklees,Kirklees ,kirklees,,166,
knowsley,Knowsley ,knowsley,,167,
lambeth,Lambeth ,lambeth,,168,
lancashire,Lancashire,lancashire,,169,
lancaster,Lancaster,lancaster,,170,
leeds,Leeds ,leeds,,171,
leicester,Leicester,leicester,,172,
leicestershire,Leicestershire,leicestershire,,173,
lewes,Lewes,lewes,,174,
lewisham,Lewisham ,lewisham,,175,
lichfield,Lichfield,lichfield,,176,
lincoln,Lincoln,lincoln,,177,
lincolnshire,Lincolnshire ,lincolnshire,,178,
liverpool,Liverpool,liverpool,,179,
liverpool-city-region,Liverpool City Region,liverpool-city-region,,180,
london,London,london,,181,
luton,Luton,luton,,182,
maidstone,Maidstone,maidstone,,183,
maldon,Maldon,maldon,,184,
malvern-hills,Malvern Hills,malvern-hills,,185,
manchester,Manchester,manchester,,186,
mansfield,Mansfield,mansfield,,187,
medway,Medway,medway,,188,
melton,Melton,melton,,189,
mendip,Mendip,mendip,,190,
merton,Merton,merton,,191,
mid-devon,Mid Devon,mid-devon,,192,
mid-suffolk,Mid Suffolk,mid-suffolk,,193,
mid-sussex,Mid Sussex,mid-sussex,,194,
middlesbrough,Middlesbrough,middlesbrough,,195,
milton-keynes,Milton Keynes,milton-keynes,,196,
mole-valley,Mole Valley,mole-valley,,197,
new-forest,New Forest,new-forest,,198,
newark-and-sherwood,Newark and Sherwood,newark-and-sherwood,,199,
newcastle-upon-tyne,Newcastle upon Tyne,newcastle-upon-tyne,,200,
newcastle-under-lyme,Newcastle-under-Lyme,newcastle-under-lyme,,201,
newham,Newham ,newham,,202,
norfolk,Norfolk ,norfolk,,203,
north-devon,North Devon,north-devon,,204,
north-dorset,North Dorset,north-dorset,,205,
north-east,North East,north-east,,206,
north-east-derbyshire,North East Derbyshire,north-east-derbyshire,,207,
north-east-lincolnshire,North East Lincolnshire,north-east-lincolnshire,,208,
north-hertfordshire,North Hertfordshire,north-hertfordshire,,209,
north-kesteven,North Kesteven,north-kesteven,,210,
north-lincolnshire,North Lincolnshire,north-lincolnshire,,211,
north-norfolk,North Norfolk,north-norfolk,,212,
north-northamptonshire,North Northamptonshire,north-northamptonshire,,213,
north-somerset,North Somerset,north-somerset,,214,
north-tyneside,North Tyneside,north-tyneside,,215,
north-warwickshire,North Warwickshire,north-warwickshire,,216,
north-west,North West ,north-west,,217,
north-west-leicestershire,North West Leicestershire,north-west-leicestershire,,218,
north-yorkshire,North Yorkshire,north-yorkshire,,219,
north-of-tyne,North of Tyne,north-of-tyne,,220,
northampton,Northampton,northampton,,221,
northamptonshire,Northamptonshire ,northamptonshire,,222,
northumberland,Northumberland,northumberland,,223,
norwich,Norwich,norwich,,224,
nottingham,Nottingham,nottingham,,225,
nottinghamshire,Nottinghamshire,nottinghamshire,,226,
nuneaton-and-bedworth,Nuneaton and Bedworth,nuneaton-and-bedworth,,227,
oadby-and-wigston,Oadby and Wigston,oadby-and-wigston,,228,
oldham,Oldham ,oldham,,229,
oxford,Oxford,oxford,,230,
oxfordshire,Oxfordshire ,oxfordshire,,231,
pendle,Pendle,pendle,,232,
peterborough,Peterborough,peterborough,,233,
plymouth,Plymouth,plymouth,,234,
poole,Poole,poole,,235,
portsmouth,Portsmouth,portsmouth,,236,
preston,Preston,preston,,237,
purbeck,Purbeck,purbeck,,238,
reading,Reading,reading,,239,
redbridge,Redbridge,redbridge,,240,
redcar-and-cleveland,Redcar and Cleveland,redcar-and-cleveland,,241,
redditch,Redditch,redditch,,242,
reigate-and-banstead,Reigate and Banstead,reigate-and-banstead,,243,
ribble-valley,Ribble Valley,ribble-valley,,244,
richmond-upon-thames,Richmond upon Thames,richmond-upon-thames,,245,
richmondshire,Richmondshire,richmondshire,,246,
rochdale,Rochdale,rochdale,,247,
rochford,Rochford,rochford,,248,
rossendale,Rossendale,rossendale,,249,
rother,Rother,rother,,250,
rotherham,Rotherham ,rotherham,,251,
rugby,Rugby,rugby,,252,
runnymede,Runnymede,runnymede,,253,
rushcliffe,Rushcliffe,rushcliffe,,254,
rushmoor,Rushmoor,rushmoor,,255,
rutland,Rutland ,rutland,,256,
ryedale,Ryedale,ryedale,,257,
salford,Salford,salford,,258,
sandwell,Sandwell ,sandwell,,259,
scarborough,Scarborough,scarborough,,260,
sedgemoor,Sedgemoor,sedgemoor,,261,
sefton,Sefton,sefton,,262,
selby,Selby,selby,,263,
sevenoaks,Sevenoaks,sevenoaks,,264,
sheffield,Sheffield,sheffield,,265,
shropshire,Shropshire,shropshire,,266,
slough,Slough,slough,,267,
solihull,Solihull,solihull,,268,
somerset,Somerset ,somerset,,269,
somerset-west-and-taunton,Somerset West and Taunton,somerset-west-and-taunton,,270,
south-bucks,South Bucks,south-bucks,,271,
south-cambridgeshire,South Cambridgeshire,south-cambridgeshire,,272,
south-derbyshire,South Derbyshire,south-derbyshire,,273,
south-east,South East,south-east,,274,
south-gloucestershire,South Gloucestershire,south-gloucestershire,,275,
south-hams,South Hams,south-hams,,276,
south-holland,South Holland,south-holland,,277,
south-kesteven,South Kesteven,south-kesteven,,278,
south-lakeland,South Lakeland,south-lakeland,,279,
south-norfolk,South Norfolk,south-norfolk,,280,
south-northamptonshire,South Northamptonshire,south-northamptonshire,,281,
south-oxfordshire,South Oxfordshire,south-oxfordshire,,282,
south-ribble,South Ribble,south-ribble,,283,
south-somerset,South Somerset,south-somerset,,284,
south-staffordshire,South Staffordshire,south-staffordshire,,285,
south-tyneside,South Tyneside,south-tyneside,,286,
south-west,South West,south-west,,287,
south-yorkshire,South Yorkshire,south-yorkshire,,288,
southampton,Southampton,southampton,,289,
southend-on-sea,Southend-on-Sea,southend-on-sea,,290,
southwark,Southwark,southwark,,291,
spelthorne,Spelthorne,spelthorne,,292,
st-albans,St Albans,st-albans,,293,
st-edmundsbury,St Edmundsbury,st-edmundsbury,,294,
st-helens,St. Helens,st-helens,,295,
stafford,Stafford,stafford,,296,
staffordshire,Staffordshire,staffordshire,,297,
staffordshire-moorlands,Staffordshire Moorlands,staffordshire-moorlands,,298,
stevenage,Stevenage,stevenage,,299,
stockport,Stockport,stockport,,300,
stockton-on-tees,Stockton-on-Tees,stockton-on-tees,,301,
stoke-on-trent,Stoke-on-Trent,stoke-on-trent,,302,
stratford-on-avon,Stratford-on-Avon,stratford-on-avon,,303,
stroud,Stroud,stroud,,304,
suffolk,Suffolk,suffolk,,305,
suffolk-coastal,Suffolk Coastal,suffolk-coastal,,306,
sunderland,Sunderland,sunderland,,307,
surrey,Surrey,surrey,,308,
surrey-heath,Surrey Heath,surrey-heath,,309,
sutton,Sutton,sutton,,310,
swale,Swale,swale,,311,
swindon,Swindon,swindon,,312,
tameside,Tameside,tameside,,313,
tamworth,Tamworth,tamworth,,314,
tandridge,Tandridge,tandridge,,315,
taunton-deane,Taunton Deane,taunton-deane,,316,
tees-valley,Tees Valley,tees-valley,,317,
teignbridge,Teignbridge,teignbridge,,318,
telford-and-wrekin,Telford and Wrekin,telford-and-wrekin,,319,
tendring,Tendring,tendring,,320,
test-valley,Test Valley,test-valley,,321,
tewkesbury,Tewkesbury,tewkesbury,,322,
thanet,Thanet,thanet,,323,
three-rivers,Three Rivers,three-rivers,,324,
thurrock,Thurrock,thurrock,,325,
tonbridge-and-malling,Tonbridge and Malling,tonbridge-and-malling,,326,
torbay,Torbay,torbay,,327,
torridge,Torridge,torridge,,328,
tower-hamlets,Tower Hamlets,tower-hamlets,,329,
trafford,Trafford,trafford,,330,
tunbridge-wells,Tunbridge Wells,tunbridge-wells,,331,
uttlesford,Uttlesford,uttlesford,,332,
vale-of-white-horse,Vale of White Horse,vale-of-white-horse,,333,
wakefield,Wakefield,wakefield,,334,
walsall,Walsall,walsall,,335,
waltham-forest,Waltham Forest,waltham-forest,,336,
wandsworth,Wandsworth,wandsworth,,337,
warrington,Warrington,warrington,,338,
warwick,Warwick,warwick,,339,
warwickshire,Warwickshire,warwickshire,,340,
watford,Watford,watford,,341,
waveney,Waveney,waveney,,342,
waverley,Waverley,waverley,,343,
wealden,Wealden,wealden,,344,
wellingborough,Wellingborough,wellingborough,,345,
welwyn-hatfield,Welwyn Hatfield,welwyn-hatfield,,346,
west-berkshire,West Berkshire,west-berkshire,,347,
west-devon,West Devon,west-devon,,348,
west-dorset,West Dorset,west-dorset,,349,
west-lancashire,West Lancashire,west-lancashire,,350,
west-lindsey,West Lindsey,west-lindsey,,351,
west-midlands,West Midlands,west-midlands,,352,
west-northamptonshire,West Northamptonshire,west-northamptonshire,,353,
west-oxfordshire,West Oxfordshire,west-oxfordshire,,354,
west-somerset,West Somerset,west-somerset,,355,
west-suffolk,West Suffolk,west-suffolk,,356,
west-sussex,West Sussex,west-sussex,,357,
west-yorkshire,West Yorkshire,west-yorkshire,,358,
west-of-england,West of England,west-of-england,,359,
westminster,Westminster,westminster,,360,
westmorland-and-furness,Westmorland and Furness,westmorland-and-furness,,361,
weymouth-and-portland,Weymouth and Portland,weymouth-and-portland,,362,
wigan,Wigan,wigan,,363,
wiltshire,Wiltshire,wiltshire,,364,
winchester,Winchester,winchester,,365,
windsor-and-maidenhead,Windsor and Maidenhead,windsor-and-maidenhead,,366,
wirral,Wirral,wirral,,367,
woking,Woking,woking,,368,
wokingham,Wokingham,wokingham,,369,
wolverhampton,Wolverhampton,wolverhampton,,370,
worcester,Worcester,worcester,,371,
worcestershire,Worcestershire,worcestershire,,372,
worthing,Worthing,worthing,,373,
wychavon,Wychavon,wychavon,,374,
wycombe,Wycombe,wycombe,,375,
wyre,Wyre,wyre,,376,
wyre-forest,Wyre Forest,wyre-forest,,377,
york,York,york,,378,
yorkshire-and-the-humber,Yorkshire and The Humber,yorkshire-and-the-humber,,379,
