Uri Identifier,Label,Notation,Parent Uri Identifier,Sort Priority,Description,Original Concept URI
e07000223,Adur,E07000223,,0,,http://statistics.data.gov.uk/id/statistical-geography/E07000223
e07000026,Allerdale,E07000026,,1,,http://statistics.data.gov.uk/id/statistical-geography/E07000026
e07000032,Amber Valley,E07000032,,2,,http://statistics.data.gov.uk/id/statistical-geography/E07000032
e07000224,Arun,E07000224,,3,,http://statistics.data.gov.uk/id/statistical-geography/E07000224
e07000170,Ashfield,E07000170,,4,,http://statistics.data.gov.uk/id/statistical-geography/E07000170
e07000105,Ashford,E07000105,,5,,http://statistics.data.gov.uk/id/statistical-geography/E07000105
e07000004,Aylesbury Vale,E07000004,,6,,http://statistics.data.gov.uk/id/statistical-geography/E07000004
e07000200,Babergh,E07000200,,7,,http://statistics.data.gov.uk/id/statistical-geography/E07000200
e09000002,Barking and Dagenham,E09000002,,8,,http://statistics.data.gov.uk/id/statistical-geography/E09000002
e09000003,Barnet,E09000003,,9,,http://statistics.data.gov.uk/id/statistical-geography/E09000003
e08000016,Barnsley,E08000016,,10,,http://statistics.data.gov.uk/id/statistical-geography/E08000016
e07000027,Barrow-in-Furness,E07000027,,11,,http://statistics.data.gov.uk/id/statistical-geography/E07000027
e07000066,Basildon,E07000066,,12,,http://statistics.data.gov.uk/id/statistical-geography/E07000066
e07000084,Basingstoke and Deane,E07000084,,13,,http://statistics.data.gov.uk/id/statistical-geography/E07000084
e07000171,Bassetlaw,E07000171,,14,,http://statistics.data.gov.uk/id/statistical-geography/E07000171
e06000022,Bath and North East Somerset,E06000022,,15,,http://statistics.data.gov.uk/id/statistical-geography/E06000022
e06000055,Bedford,E06000055,,16,,http://statistics.data.gov.uk/id/statistical-geography/E06000055
e09000004,Bexley,E09000004,,17,,http://statistics.data.gov.uk/id/statistical-geography/E09000004
e08000025,Birmingham,E08000025,,18,,http://statistics.data.gov.uk/id/statistical-geography/E08000025
e07000129,Blaby,E07000129,,19,,http://statistics.data.gov.uk/id/statistical-geography/E07000129
e06000008,Blackburn with Darwen,E06000008,,20,,http://statistics.data.gov.uk/id/statistical-geography/E06000008
e06000009,Blackpool,E06000009,,21,,http://statistics.data.gov.uk/id/statistical-geography/E06000009
e07000033,Bolsover,E07000033,,22,,http://statistics.data.gov.uk/id/statistical-geography/E07000033
e08000001,Bolton,E08000001,,23,,http://statistics.data.gov.uk/id/statistical-geography/E08000001
e07000136,Boston,E07000136,,24,,http://statistics.data.gov.uk/id/statistical-geography/E07000136
e06000028,Bournemouth,E06000028,,25,,http://statistics.data.gov.uk/id/statistical-geography/E06000028
e06000058,"Bournemouth, Christchurch and Poole",E06000058,,26,,http://statistics.data.gov.uk/id/statistical-geography/E06000058
e06000036,Bracknell Forest,E06000036,,27,,http://statistics.data.gov.uk/id/statistical-geography/E06000036
e08000032,Bradford,E08000032,,28,,http://statistics.data.gov.uk/id/statistical-geography/E08000032
e07000067,Braintree,E07000067,,29,,http://statistics.data.gov.uk/id/statistical-geography/E07000067
e07000143,Breckland,E07000143,,30,,http://statistics.data.gov.uk/id/statistical-geography/E07000143
e09000005,Brent,E09000005,,31,,http://statistics.data.gov.uk/id/statistical-geography/E09000005
e07000068,Brentwood,E07000068,,32,,http://statistics.data.gov.uk/id/statistical-geography/E07000068
e06000043,Brighton and Hove,E06000043,,33,,http://statistics.data.gov.uk/id/statistical-geography/E06000043
e06000023,"Bristol, City of",E06000023,,34,,http://statistics.data.gov.uk/id/statistical-geography/E06000023
e07000144,Broadland,E07000144,,35,,http://statistics.data.gov.uk/id/statistical-geography/E07000144
e09000006,Bromley,E09000006,,36,,http://statistics.data.gov.uk/id/statistical-geography/E09000006
e07000234,Bromsgrove,E07000234,,37,,http://statistics.data.gov.uk/id/statistical-geography/E07000234
e07000095,Broxbourne,E07000095,,38,,http://statistics.data.gov.uk/id/statistical-geography/E07000095
e07000172,Broxtowe,E07000172,,39,,http://statistics.data.gov.uk/id/statistical-geography/E07000172
e10000002,Buckinghamshire (County),E10000002,,40,,http://statistics.data.gov.uk/id/statistical-geography/E10000002
e06000060,Buckinghamshire (Unitary Authority),E06000060,,41,,http://statistics.data.gov.uk/id/statistical-geography/E06000060
e07000117,Burnley,E07000117,,42,,http://statistics.data.gov.uk/id/statistical-geography/E07000117
e08000002,Bury,E08000002,,43,,http://statistics.data.gov.uk/id/statistical-geography/E08000002
e08000033,Calderdale,E08000033,,44,,http://statistics.data.gov.uk/id/statistical-geography/E08000033
e07000008,Cambridge,E07000008,,45,,http://statistics.data.gov.uk/id/statistical-geography/E07000008
e10000003,Cambridgeshire,E10000003,,46,,http://statistics.data.gov.uk/id/statistical-geography/E10000003
e47000008,Cambridgeshire and Peterborough,E47000008,,47,,http://statistics.data.gov.uk/id/statistical-geography/E47000008
e09000007,Camden,E09000007,,48,,http://statistics.data.gov.uk/id/statistical-geography/E09000007
e07000192,Cannock Chase,E07000192,,49,,http://statistics.data.gov.uk/id/statistical-geography/E07000192
e07000106,Canterbury,E07000106,,50,,http://statistics.data.gov.uk/id/statistical-geography/E07000106
e07000028,Carlisle,E07000028,,51,,http://statistics.data.gov.uk/id/statistical-geography/E07000028
e07000069,Castle Point,E07000069,,52,,http://statistics.data.gov.uk/id/statistical-geography/E07000069
e06000056,Central Bedfordshire,E06000056,,53,,http://statistics.data.gov.uk/id/statistical-geography/E06000056
e07000130,Charnwood,E07000130,,54,,http://statistics.data.gov.uk/id/statistical-geography/E07000130
e07000070,Chelmsford,E07000070,,55,,http://statistics.data.gov.uk/id/statistical-geography/E07000070
e07000078,Cheltenham,E07000078,,56,,http://statistics.data.gov.uk/id/statistical-geography/E07000078
e07000177,Cherwell,E07000177,,57,,http://statistics.data.gov.uk/id/statistical-geography/E07000177
e06000049,Cheshire East,E06000049,,58,,http://statistics.data.gov.uk/id/statistical-geography/E06000049
e06000050,Cheshire West and Chester,E06000050,,59,,http://statistics.data.gov.uk/id/statistical-geography/E06000050
e07000034,Chesterfield,E07000034,,60,,http://statistics.data.gov.uk/id/statistical-geography/E07000034
e07000225,Chichester,E07000225,,61,,http://statistics.data.gov.uk/id/statistical-geography/E07000225
e07000005,Chiltern,E07000005,,62,,http://statistics.data.gov.uk/id/statistical-geography/E07000005
e07000118,Chorley,E07000118,,63,,http://statistics.data.gov.uk/id/statistical-geography/E07000118
e07000048,Christchurch,E07000048,,64,,http://statistics.data.gov.uk/id/statistical-geography/E07000048
e67000001,"City of London, Hackney",E67000001,,65,,http://statistics.data.gov.uk/id/statistical-geography/E67000001
e07000071,Colchester,E07000071,,66,,http://statistics.data.gov.uk/id/statistical-geography/E07000071
e07000029,Copeland,E07000029,,67,,http://statistics.data.gov.uk/id/statistical-geography/E07000029
e07000150,Corby,E07000150,,68,,http://statistics.data.gov.uk/id/statistical-geography/E07000150
e06000052,Cornwall,E06000052,,69,,http://statistics.data.gov.uk/id/statistical-geography/E06000052
e07000079,Cotswold,E07000079,,70,,http://statistics.data.gov.uk/id/statistical-geography/E07000079
e06000047,County Durham,E06000047,,71,,http://statistics.data.gov.uk/id/statistical-geography/E06000047
e08000026,Coventry,E08000026,,72,,http://statistics.data.gov.uk/id/statistical-geography/E08000026
e07000163,Craven,E07000163,,73,,http://statistics.data.gov.uk/id/statistical-geography/E07000163
e07000226,Crawley,E07000226,,74,,http://statistics.data.gov.uk/id/statistical-geography/E07000226
e09000008,Croydon,E09000008,,75,,http://statistics.data.gov.uk/id/statistical-geography/E09000008
e10000006,Cumbria,E10000006,,76,,http://statistics.data.gov.uk/id/statistical-geography/E10000006
e07000096,Dacorum,E07000096,,77,,http://statistics.data.gov.uk/id/statistical-geography/E07000096
e06000005,Darlington,E06000005,,78,,http://statistics.data.gov.uk/id/statistical-geography/E06000005
e07000107,Dartford,E07000107,,79,,http://statistics.data.gov.uk/id/statistical-geography/E07000107
e07000151,Daventry,E07000151,,80,,http://statistics.data.gov.uk/id/statistical-geography/E07000151
e06000015,Derby,E06000015,,81,,http://statistics.data.gov.uk/id/statistical-geography/E06000015
e10000007,Derbyshire,E10000007,,82,,http://statistics.data.gov.uk/id/statistical-geography/E10000007
e07000035,Derbyshire Dales,E07000035,,83,,http://statistics.data.gov.uk/id/statistical-geography/E07000035
e10000008,Devon,E10000008,,84,,http://statistics.data.gov.uk/id/statistical-geography/E10000008
e08000017,Doncaster,E08000017,,85,,http://statistics.data.gov.uk/id/statistical-geography/E08000017
e10000009,Dorset (County),E10000009,,86,,http://statistics.data.gov.uk/id/statistical-geography/E10000009
e06000059,Dorset (Unitary Authority),E06000059,,87,,http://statistics.data.gov.uk/id/statistical-geography/E06000059
e07000108,Dover,E07000108,,88,,http://statistics.data.gov.uk/id/statistical-geography/E07000108
e08000027,Dudley,E08000027,,89,,http://statistics.data.gov.uk/id/statistical-geography/E08000027
e09000009,Ealing,E09000009,,90,,http://statistics.data.gov.uk/id/statistical-geography/E09000009
e07000009,East Cambridgeshire,E07000009,,91,,http://statistics.data.gov.uk/id/statistical-geography/E07000009
e07000040,East Devon,E07000040,,92,,http://statistics.data.gov.uk/id/statistical-geography/E07000040
e07000049,East Dorset,E07000049,,93,,http://statistics.data.gov.uk/id/statistical-geography/E07000049
e07000085,East Hampshire,E07000085,,94,,http://statistics.data.gov.uk/id/statistical-geography/E07000085
e07000242,East Hertfordshire,E07000242,,95,,http://statistics.data.gov.uk/id/statistical-geography/E07000242
e07000137,East Lindsey,E07000137,,96,,http://statistics.data.gov.uk/id/statistical-geography/E07000137
e12000004,East Midlands,E12000004,,97,,http://statistics.data.gov.uk/id/statistical-geography/E12000004
e07000152,East Northamptonshire,E07000152,,98,,http://statistics.data.gov.uk/id/statistical-geography/E07000152
e06000011,East Riding of Yorkshire,E06000011,,99,,http://statistics.data.gov.uk/id/statistical-geography/E06000011
e07000193,East Staffordshire,E07000193,,100,,http://statistics.data.gov.uk/id/statistical-geography/E07000193
e07000244,East Suffolk,E07000244,,101,,http://statistics.data.gov.uk/id/statistical-geography/E07000244
e10000011,East Sussex,E10000011,,102,,http://statistics.data.gov.uk/id/statistical-geography/E10000011
e12000006,East of England,E12000006,,103,,http://statistics.data.gov.uk/id/statistical-geography/E12000006
e07000061,Eastbourne,E07000061,,104,,http://statistics.data.gov.uk/id/statistical-geography/E07000061
e07000086,Eastleigh,E07000086,,105,,http://statistics.data.gov.uk/id/statistical-geography/E07000086
e07000030,Eden,E07000030,,106,,http://statistics.data.gov.uk/id/statistical-geography/E07000030
e07000207,Elmbridge,E07000207,,107,,http://statistics.data.gov.uk/id/statistical-geography/E07000207
e09000010,Enfield,E09000010,,108,,http://statistics.data.gov.uk/id/statistical-geography/E09000010
e92000001,England,E92000001,,109,,http://statistics.data.gov.uk/id/statistical-geography/E92000001
e07000072,Epping Forest,E07000072,,110,,http://statistics.data.gov.uk/id/statistical-geography/E07000072
e07000208,Epsom and Ewell,E07000208,,111,,http://statistics.data.gov.uk/id/statistical-geography/E07000208
e07000036,Erewash,E07000036,,112,,http://statistics.data.gov.uk/id/statistical-geography/E07000036
e10000012,Essex,E10000012,,113,,http://statistics.data.gov.uk/id/statistical-geography/E10000012
e07000041,Exeter,E07000041,,114,,http://statistics.data.gov.uk/id/statistical-geography/E07000041
e07000087,Fareham,E07000087,,115,,http://statistics.data.gov.uk/id/statistical-geography/E07000087
e07000010,Fenland,E07000010,,116,,http://statistics.data.gov.uk/id/statistical-geography/E07000010
e07000112,Folkestone and Hythe,E07000112,,117,,http://statistics.data.gov.uk/id/statistical-geography/E07000112
e07000201,Forest Heath,E07000201,,118,,http://statistics.data.gov.uk/id/statistical-geography/E07000201
e07000080,Forest of Dean,E07000080,,119,,http://statistics.data.gov.uk/id/statistical-geography/E07000080
e07000119,Fylde,E07000119,,120,,http://statistics.data.gov.uk/id/statistical-geography/E07000119
e08000037,Gateshead,E08000037,,121,,http://statistics.data.gov.uk/id/statistical-geography/E08000037
e07000173,Gedling,E07000173,,122,,http://statistics.data.gov.uk/id/statistical-geography/E07000173
e07000081,Gloucester,E07000081,,123,,http://statistics.data.gov.uk/id/statistical-geography/E07000081
e10000013,Gloucestershire,E10000013,,124,,http://statistics.data.gov.uk/id/statistical-geography/E10000013
e07000088,Gosport,E07000088,,125,,http://statistics.data.gov.uk/id/statistical-geography/E07000088
e07000109,Gravesham,E07000109,,126,,http://statistics.data.gov.uk/id/statistical-geography/E07000109
e07000145,Great Yarmouth,E07000145,,127,,http://statistics.data.gov.uk/id/statistical-geography/E07000145
e47000001,Greater Manchester,E47000001,,128,,http://statistics.data.gov.uk/id/statistical-geography/E47000001
e09000011,Greenwich,E09000011,,129,,http://statistics.data.gov.uk/id/statistical-geography/E09000011
e07000209,Guildford,E07000209,,130,,http://statistics.data.gov.uk/id/statistical-geography/E07000209
e06000006,Halton,E06000006,,131,,http://statistics.data.gov.uk/id/statistical-geography/E06000006
e07000164,Hambleton,E07000164,,132,,http://statistics.data.gov.uk/id/statistical-geography/E07000164
e09000013,Hammersmith and Fulham,E09000013,,133,,http://statistics.data.gov.uk/id/statistical-geography/E09000013
e10000014,Hampshire,E10000014,,134,,http://statistics.data.gov.uk/id/statistical-geography/E10000014
e07000131,Harborough,E07000131,,135,,http://statistics.data.gov.uk/id/statistical-geography/E07000131
e09000014,Haringey,E09000014,,136,,http://statistics.data.gov.uk/id/statistical-geography/E09000014
e07000073,Harlow,E07000073,,137,,http://statistics.data.gov.uk/id/statistical-geography/E07000073
e07000165,Harrogate,E07000165,,138,,http://statistics.data.gov.uk/id/statistical-geography/E07000165
e09000015,Harrow,E09000015,,139,,http://statistics.data.gov.uk/id/statistical-geography/E09000015
e07000089,Hart,E07000089,,140,,http://statistics.data.gov.uk/id/statistical-geography/E07000089
e06000001,Hartlepool,E06000001,,141,,http://statistics.data.gov.uk/id/statistical-geography/E06000001
e07000062,Hastings,E07000062,,142,,http://statistics.data.gov.uk/id/statistical-geography/E07000062
e07000090,Havant,E07000090,,143,,http://statistics.data.gov.uk/id/statistical-geography/E07000090
e09000016,Havering,E09000016,,144,,http://statistics.data.gov.uk/id/statistical-geography/E09000016
e06000019,"Herefordshire, County of",E06000019,,145,,http://statistics.data.gov.uk/id/statistical-geography/E06000019
e10000015,Hertfordshire,E10000015,,146,,http://statistics.data.gov.uk/id/statistical-geography/E10000015
e07000098,Hertsmere,E07000098,,147,,http://statistics.data.gov.uk/id/statistical-geography/E07000098
e07000037,High Peak,E07000037,,148,,http://statistics.data.gov.uk/id/statistical-geography/E07000037
e09000017,Hillingdon,E09000017,,149,,http://statistics.data.gov.uk/id/statistical-geography/E09000017
e07000132,Hinckley and Bosworth,E07000132,,150,,http://statistics.data.gov.uk/id/statistical-geography/E07000132
e07000227,Horsham,E07000227,,151,,http://statistics.data.gov.uk/id/statistical-geography/E07000227
e09000018,Hounslow,E09000018,,152,,http://statistics.data.gov.uk/id/statistical-geography/E09000018
e07000011,Huntingdonshire,E07000011,,153,,http://statistics.data.gov.uk/id/statistical-geography/E07000011
e07000120,Hyndburn,E07000120,,154,,http://statistics.data.gov.uk/id/statistical-geography/E07000120
e07000202,Ipswich,E07000202,,155,,http://statistics.data.gov.uk/id/statistical-geography/E07000202
e06000046,Isle of Wight,E06000046,,156,,http://statistics.data.gov.uk/id/statistical-geography/E06000046
e06000053,Isles of Scilly,E06000053,,157,,http://statistics.data.gov.uk/id/statistical-geography/E06000053
e67000002,"Isles of Scilly, Cornwall",E67000002,,158,,http://statistics.data.gov.uk/id/statistical-geography/E67000002
e09000019,Islington,E09000019,,159,,http://statistics.data.gov.uk/id/statistical-geography/E09000019
e09000020,Kensington and Chelsea,E09000020,,160,,http://statistics.data.gov.uk/id/statistical-geography/E09000020
e10000016,Kent,E10000016,,161,,http://statistics.data.gov.uk/id/statistical-geography/E10000016
e07000153,Kettering,E07000153,,162,,http://statistics.data.gov.uk/id/statistical-geography/E07000153
e07000146,King's Lynn and West Norfolk,E07000146,,163,,http://statistics.data.gov.uk/id/statistical-geography/E07000146
e06000010,"Kingston upon Hull, City of",E06000010,,164,,http://statistics.data.gov.uk/id/statistical-geography/E06000010
e09000021,Kingston upon Thames,E09000021,,165,,http://statistics.data.gov.uk/id/statistical-geography/E09000021
e08000034,Kirklees,E08000034,,166,,http://statistics.data.gov.uk/id/statistical-geography/E08000034
e08000011,Knowsley,E08000011,,167,,http://statistics.data.gov.uk/id/statistical-geography/E08000011
e09000022,Lambeth,E09000022,,168,,http://statistics.data.gov.uk/id/statistical-geography/E09000022
e10000017,Lancashire,E10000017,,169,,http://statistics.data.gov.uk/id/statistical-geography/E10000017
e07000121,Lancaster,E07000121,,170,,http://statistics.data.gov.uk/id/statistical-geography/E07000121
e08000035,Leeds,E08000035,,171,,http://statistics.data.gov.uk/id/statistical-geography/E08000035
e06000016,Leicester,E06000016,,172,,http://statistics.data.gov.uk/id/statistical-geography/E06000016
e10000018,Leicestershire,E10000018,,173,,http://statistics.data.gov.uk/id/statistical-geography/E10000018
e07000063,Lewes,E07000063,,174,,http://statistics.data.gov.uk/id/statistical-geography/E07000063
e09000023,Lewisham,E09000023,,175,,http://statistics.data.gov.uk/id/statistical-geography/E09000023
e07000194,Lichfield,E07000194,,176,,http://statistics.data.gov.uk/id/statistical-geography/E07000194
e07000138,Lincoln,E07000138,,177,,http://statistics.data.gov.uk/id/statistical-geography/E07000138
e10000019,Lincolnshire,E10000019,,178,,http://statistics.data.gov.uk/id/statistical-geography/E10000019
e08000012,Liverpool,E08000012,,179,,http://statistics.data.gov.uk/id/statistical-geography/E08000012
e47000004,Liverpool City Region,E47000004,,180,,http://statistics.data.gov.uk/id/statistical-geography/E47000004
e12000007,London,E12000007,,181,,http://statistics.data.gov.uk/id/statistical-geography/E12000007
e06000032,Luton,E06000032,,182,,http://statistics.data.gov.uk/id/statistical-geography/E06000032
e07000110,Maidstone,E07000110,,183,,http://statistics.data.gov.uk/id/statistical-geography/E07000110
e07000074,Maldon,E07000074,,184,,http://statistics.data.gov.uk/id/statistical-geography/E07000074
e07000235,Malvern Hills,E07000235,,185,,http://statistics.data.gov.uk/id/statistical-geography/E07000235
e08000003,Manchester,E08000003,,186,,http://statistics.data.gov.uk/id/statistical-geography/E08000003
e07000174,Mansfield,E07000174,,187,,http://statistics.data.gov.uk/id/statistical-geography/E07000174
e06000035,Medway,E06000035,,188,,http://statistics.data.gov.uk/id/statistical-geography/E06000035
e07000133,Melton,E07000133,,189,,http://statistics.data.gov.uk/id/statistical-geography/E07000133
e07000187,Mendip,E07000187,,190,,http://statistics.data.gov.uk/id/statistical-geography/E07000187
e09000024,Merton,E09000024,,191,,http://statistics.data.gov.uk/id/statistical-geography/E09000024
e07000042,Mid Devon,E07000042,,192,,http://statistics.data.gov.uk/id/statistical-geography/E07000042
e07000203,Mid Suffolk,E07000203,,193,,http://statistics.data.gov.uk/id/statistical-geography/E07000203
e07000228,Mid Sussex,E07000228,,194,,http://statistics.data.gov.uk/id/statistical-geography/E07000228
e06000002,Middlesbrough,E06000002,,195,,http://statistics.data.gov.uk/id/statistical-geography/E06000002
e06000042,Milton Keynes,E06000042,,196,,http://statistics.data.gov.uk/id/statistical-geography/E06000042
e07000210,Mole Valley,E07000210,,197,,http://statistics.data.gov.uk/id/statistical-geography/E07000210
e07000091,New Forest,E07000091,,198,,http://statistics.data.gov.uk/id/statistical-geography/E07000091
e07000175,Newark and Sherwood,E07000175,,199,,http://statistics.data.gov.uk/id/statistical-geography/E07000175
e08000021,Newcastle upon Tyne,E08000021,,200,,http://statistics.data.gov.uk/id/statistical-geography/E08000021
e07000195,Newcastle-under-Lyme,E07000195,,201,,http://statistics.data.gov.uk/id/statistical-geography/E07000195
e09000025,Newham,E09000025,,202,,http://statistics.data.gov.uk/id/statistical-geography/E09000025
e10000020,Norfolk,E10000020,,203,,http://statistics.data.gov.uk/id/statistical-geography/E10000020
e07000043,North Devon,E07000043,,204,,http://statistics.data.gov.uk/id/statistical-geography/E07000043
e07000050,North Dorset,E07000050,,205,,http://statistics.data.gov.uk/id/statistical-geography/E07000050
e47000010,North East (Combined Authority),E47000010,,206,,http://statistics.data.gov.uk/id/statistical-geography/E47000010
e12000001,North East (Region),E12000001,,207,,http://statistics.data.gov.uk/id/statistical-geography/E12000001
e07000038,North East Derbyshire,E07000038,,208,,http://statistics.data.gov.uk/id/statistical-geography/E07000038
e06000012,North East Lincolnshire,E06000012,,209,,http://statistics.data.gov.uk/id/statistical-geography/E06000012
e07000099,North Hertfordshire,E07000099,,210,,http://statistics.data.gov.uk/id/statistical-geography/E07000099
e07000139,North Kesteven,E07000139,,211,,http://statistics.data.gov.uk/id/statistical-geography/E07000139
e06000013,North Lincolnshire,E06000013,,212,,http://statistics.data.gov.uk/id/statistical-geography/E06000013
e07000147,North Norfolk,E07000147,,213,,http://statistics.data.gov.uk/id/statistical-geography/E07000147
e06000061,North Northamptonshire,E06000061,,214,,http://statistics.data.gov.uk/id/statistical-geography/E06000061
e06000024,North Somerset,E06000024,,215,,http://statistics.data.gov.uk/id/statistical-geography/E06000024
e08000022,North Tyneside,E08000022,,216,,http://statistics.data.gov.uk/id/statistical-geography/E08000022
e07000218,North Warwickshire,E07000218,,217,,http://statistics.data.gov.uk/id/statistical-geography/E07000218
e12000002,North West,E12000002,,218,,http://statistics.data.gov.uk/id/statistical-geography/E12000002
e07000134,North West Leicestershire,E07000134,,219,,http://statistics.data.gov.uk/id/statistical-geography/E07000134
e10000023,North Yorkshire (County),E10000023,,220,,http://statistics.data.gov.uk/id/statistical-geography/E10000023
e06000065,North Yorkshire (Unitary Authority),E06000065,,221,,http://statistics.data.gov.uk/id/statistical-geography/E06000065
e47000011,North of Tyne,E47000011,,222,,http://statistics.data.gov.uk/id/statistical-geography/E47000011
e07000154,Northampton,E07000154,,223,,http://statistics.data.gov.uk/id/statistical-geography/E07000154
e10000021,Northamptonshire,E10000021,,224,,http://statistics.data.gov.uk/id/statistical-geography/E10000021
e06000057,Northumberland,E06000057,,225,,http://statistics.data.gov.uk/id/statistical-geography/E06000057
e07000148,Norwich,E07000148,,226,,http://statistics.data.gov.uk/id/statistical-geography/E07000148
e06000018,Nottingham,E06000018,,227,,http://statistics.data.gov.uk/id/statistical-geography/E06000018
e10000024,Nottinghamshire,E10000024,,228,,http://statistics.data.gov.uk/id/statistical-geography/E10000024
e07000219,Nuneaton and Bedworth,E07000219,,229,,http://statistics.data.gov.uk/id/statistical-geography/E07000219
e07000135,Oadby and Wigston,E07000135,,230,,http://statistics.data.gov.uk/id/statistical-geography/E07000135
e08000004,Oldham,E08000004,,231,,http://statistics.data.gov.uk/id/statistical-geography/E08000004
e07000178,Oxford,E07000178,,232,,http://statistics.data.gov.uk/id/statistical-geography/E07000178
e10000025,Oxfordshire,E10000025,,233,,http://statistics.data.gov.uk/id/statistical-geography/E10000025
e07000122,Pendle,E07000122,,234,,http://statistics.data.gov.uk/id/statistical-geography/E07000122
e06000031,Peterborough,E06000031,,235,,http://statistics.data.gov.uk/id/statistical-geography/E06000031
e06000026,Plymouth,E06000026,,236,,http://statistics.data.gov.uk/id/statistical-geography/E06000026
e06000029,Poole,E06000029,,237,,http://statistics.data.gov.uk/id/statistical-geography/E06000029
e06000044,Portsmouth,E06000044,,238,,http://statistics.data.gov.uk/id/statistical-geography/E06000044
e07000123,Preston,E07000123,,239,,http://statistics.data.gov.uk/id/statistical-geography/E07000123
e07000051,Purbeck,E07000051,,240,,http://statistics.data.gov.uk/id/statistical-geography/E07000051
e06000038,Reading,E06000038,,241,,http://statistics.data.gov.uk/id/statistical-geography/E06000038
e09000026,Redbridge,E09000026,,242,,http://statistics.data.gov.uk/id/statistical-geography/E09000026
e06000003,Redcar and Cleveland,E06000003,,243,,http://statistics.data.gov.uk/id/statistical-geography/E06000003
e07000236,Redditch,E07000236,,244,,http://statistics.data.gov.uk/id/statistical-geography/E07000236
e07000211,Reigate and Banstead,E07000211,,245,,http://statistics.data.gov.uk/id/statistical-geography/E07000211
e07000124,Ribble Valley,E07000124,,246,,http://statistics.data.gov.uk/id/statistical-geography/E07000124
e09000027,Richmond upon Thames,E09000027,,247,,http://statistics.data.gov.uk/id/statistical-geography/E09000027
e07000166,Richmondshire,E07000166,,248,,http://statistics.data.gov.uk/id/statistical-geography/E07000166
e08000005,Rochdale,E08000005,,249,,http://statistics.data.gov.uk/id/statistical-geography/E08000005
e07000075,Rochford,E07000075,,250,,http://statistics.data.gov.uk/id/statistical-geography/E07000075
e07000125,Rossendale,E07000125,,251,,http://statistics.data.gov.uk/id/statistical-geography/E07000125
e07000064,Rother,E07000064,,252,,http://statistics.data.gov.uk/id/statistical-geography/E07000064
e08000018,Rotherham,E08000018,,253,,http://statistics.data.gov.uk/id/statistical-geography/E08000018
e07000220,Rugby,E07000220,,254,,http://statistics.data.gov.uk/id/statistical-geography/E07000220
e07000212,Runnymede,E07000212,,255,,http://statistics.data.gov.uk/id/statistical-geography/E07000212
e07000176,Rushcliffe,E07000176,,256,,http://statistics.data.gov.uk/id/statistical-geography/E07000176
e07000092,Rushmoor,E07000092,,257,,http://statistics.data.gov.uk/id/statistical-geography/E07000092
e06000017,Rutland,E06000017,,258,,http://statistics.data.gov.uk/id/statistical-geography/E06000017
e07000167,Ryedale,E07000167,,259,,http://statistics.data.gov.uk/id/statistical-geography/E07000167
e08000006,Salford,E08000006,,260,,http://statistics.data.gov.uk/id/statistical-geography/E08000006
e08000028,Sandwell,E08000028,,261,,http://statistics.data.gov.uk/id/statistical-geography/E08000028
e07000168,Scarborough,E07000168,,262,,http://statistics.data.gov.uk/id/statistical-geography/E07000168
e07000188,Sedgemoor,E07000188,,263,,http://statistics.data.gov.uk/id/statistical-geography/E07000188
e08000014,Sefton,E08000014,,264,,http://statistics.data.gov.uk/id/statistical-geography/E08000014
e07000169,Selby,E07000169,,265,,http://statistics.data.gov.uk/id/statistical-geography/E07000169
e07000111,Sevenoaks,E07000111,,266,,http://statistics.data.gov.uk/id/statistical-geography/E07000111
e08000019,Sheffield,E08000019,,267,,http://statistics.data.gov.uk/id/statistical-geography/E08000019
e06000051,Shropshire,E06000051,,268,,http://statistics.data.gov.uk/id/statistical-geography/E06000051
e06000039,Slough,E06000039,,269,,http://statistics.data.gov.uk/id/statistical-geography/E06000039
e08000029,Solihull,E08000029,,270,,http://statistics.data.gov.uk/id/statistical-geography/E08000029
e10000027,Somerset (County),E10000027,,271,,http://statistics.data.gov.uk/id/statistical-geography/E10000027
e06000066,Somerset (Unitary Authority),E06000066,,272,,http://statistics.data.gov.uk/id/statistical-geography/E06000066
e07000246,Somerset West and Taunton,E07000246,,273,,http://statistics.data.gov.uk/id/statistical-geography/E07000246
e07000006,South Bucks,E07000006,,274,,http://statistics.data.gov.uk/id/statistical-geography/E07000006
e07000012,South Cambridgeshire,E07000012,,275,,http://statistics.data.gov.uk/id/statistical-geography/E07000012
e07000039,South Derbyshire,E07000039,,276,,http://statistics.data.gov.uk/id/statistical-geography/E07000039
e12000008,South East,E12000008,,277,,http://statistics.data.gov.uk/id/statistical-geography/E12000008
e06000025,South Gloucestershire,E06000025,,278,,http://statistics.data.gov.uk/id/statistical-geography/E06000025
e07000044,South Hams,E07000044,,279,,http://statistics.data.gov.uk/id/statistical-geography/E07000044
e07000140,South Holland,E07000140,,280,,http://statistics.data.gov.uk/id/statistical-geography/E07000140
e07000141,South Kesteven,E07000141,,281,,http://statistics.data.gov.uk/id/statistical-geography/E07000141
e07000031,South Lakeland,E07000031,,282,,http://statistics.data.gov.uk/id/statistical-geography/E07000031
e07000149,South Norfolk,E07000149,,283,,http://statistics.data.gov.uk/id/statistical-geography/E07000149
e07000155,South Northamptonshire,E07000155,,284,,http://statistics.data.gov.uk/id/statistical-geography/E07000155
e07000179,South Oxfordshire,E07000179,,285,,http://statistics.data.gov.uk/id/statistical-geography/E07000179
e07000126,South Ribble,E07000126,,286,,http://statistics.data.gov.uk/id/statistical-geography/E07000126
e07000189,South Somerset,E07000189,,287,,http://statistics.data.gov.uk/id/statistical-geography/E07000189
e07000196,South Staffordshire,E07000196,,288,,http://statistics.data.gov.uk/id/statistical-geography/E07000196
e08000023,South Tyneside,E08000023,,289,,http://statistics.data.gov.uk/id/statistical-geography/E08000023
e12000009,South West,E12000009,,290,,http://statistics.data.gov.uk/id/statistical-geography/E12000009
e47000002,South Yorkshire,E47000002,,291,,http://statistics.data.gov.uk/id/statistical-geography/E47000002
e06000045,Southampton,E06000045,,292,,http://statistics.data.gov.uk/id/statistical-geography/E06000045
e06000033,Southend-on-Sea,E06000033,,293,,http://statistics.data.gov.uk/id/statistical-geography/E06000033
e09000028,Southwark,E09000028,,294,,http://statistics.data.gov.uk/id/statistical-geography/E09000028
e07000213,Spelthorne,E07000213,,295,,http://statistics.data.gov.uk/id/statistical-geography/E07000213
e07000240,St Albans,E07000240,,296,,http://statistics.data.gov.uk/id/statistical-geography/E07000240
e07000204,St Edmundsbury,E07000204,,297,,http://statistics.data.gov.uk/id/statistical-geography/E07000204
e08000013,St. Helens,E08000013,,298,,http://statistics.data.gov.uk/id/statistical-geography/E08000013
e07000197,Stafford,E07000197,,299,,http://statistics.data.gov.uk/id/statistical-geography/E07000197
e10000028,Staffordshire,E10000028,,300,,http://statistics.data.gov.uk/id/statistical-geography/E10000028
e07000198,Staffordshire Moorlands,E07000198,,301,,http://statistics.data.gov.uk/id/statistical-geography/E07000198
e07000243,Stevenage,E07000243,,302,,http://statistics.data.gov.uk/id/statistical-geography/E07000243
e08000007,Stockport,E08000007,,303,,http://statistics.data.gov.uk/id/statistical-geography/E08000007
e06000004,Stockton-on-Tees,E06000004,,304,,http://statistics.data.gov.uk/id/statistical-geography/E06000004
e06000021,Stoke-on-Trent,E06000021,,305,,http://statistics.data.gov.uk/id/statistical-geography/E06000021
e07000221,Stratford-on-Avon,E07000221,,306,,http://statistics.data.gov.uk/id/statistical-geography/E07000221
e07000082,Stroud,E07000082,,307,,http://statistics.data.gov.uk/id/statistical-geography/E07000082
e10000029,Suffolk,E10000029,,308,,http://statistics.data.gov.uk/id/statistical-geography/E10000029
e07000205,Suffolk Coastal,E07000205,,309,,http://statistics.data.gov.uk/id/statistical-geography/E07000205
e08000024,Sunderland,E08000024,,310,,http://statistics.data.gov.uk/id/statistical-geography/E08000024
e10000030,Surrey,E10000030,,311,,http://statistics.data.gov.uk/id/statistical-geography/E10000030
e07000214,Surrey Heath,E07000214,,312,,http://statistics.data.gov.uk/id/statistical-geography/E07000214
e09000029,Sutton,E09000029,,313,,http://statistics.data.gov.uk/id/statistical-geography/E09000029
e07000113,Swale,E07000113,,314,,http://statistics.data.gov.uk/id/statistical-geography/E07000113
e06000030,Swindon,E06000030,,315,,http://statistics.data.gov.uk/id/statistical-geography/E06000030
e08000008,Tameside,E08000008,,316,,http://statistics.data.gov.uk/id/statistical-geography/E08000008
e07000199,Tamworth,E07000199,,317,,http://statistics.data.gov.uk/id/statistical-geography/E07000199
e07000215,Tandridge,E07000215,,318,,http://statistics.data.gov.uk/id/statistical-geography/E07000215
e07000190,Taunton Deane,E07000190,,319,,http://statistics.data.gov.uk/id/statistical-geography/E07000190
e47000006,Tees Valley,E47000006,,320,,http://statistics.data.gov.uk/id/statistical-geography/E47000006
e07000045,Teignbridge,E07000045,,321,,http://statistics.data.gov.uk/id/statistical-geography/E07000045
e06000020,Telford and Wrekin,E06000020,,322,,http://statistics.data.gov.uk/id/statistical-geography/E06000020
e07000076,Tendring,E07000076,,323,,http://statistics.data.gov.uk/id/statistical-geography/E07000076
e07000093,Test Valley,E07000093,,324,,http://statistics.data.gov.uk/id/statistical-geography/E07000093
e07000083,Tewkesbury,E07000083,,325,,http://statistics.data.gov.uk/id/statistical-geography/E07000083
e07000114,Thanet,E07000114,,326,,http://statistics.data.gov.uk/id/statistical-geography/E07000114
e07000102,Three Rivers,E07000102,,327,,http://statistics.data.gov.uk/id/statistical-geography/E07000102
e06000034,Thurrock,E06000034,,328,,http://statistics.data.gov.uk/id/statistical-geography/E06000034
e07000115,Tonbridge and Malling,E07000115,,329,,http://statistics.data.gov.uk/id/statistical-geography/E07000115
e06000027,Torbay,E06000027,,330,,http://statistics.data.gov.uk/id/statistical-geography/E06000027
e07000046,Torridge,E07000046,,331,,http://statistics.data.gov.uk/id/statistical-geography/E07000046
e09000030,Tower Hamlets,E09000030,,332,,http://statistics.data.gov.uk/id/statistical-geography/E09000030
e08000009,Trafford,E08000009,,333,,http://statistics.data.gov.uk/id/statistical-geography/E08000009
e07000116,Tunbridge Wells,E07000116,,334,,http://statistics.data.gov.uk/id/statistical-geography/E07000116
e07000077,Uttlesford,E07000077,,335,,http://statistics.data.gov.uk/id/statistical-geography/E07000077
e07000180,Vale of White Horse,E07000180,,336,,http://statistics.data.gov.uk/id/statistical-geography/E07000180
e08000036,Wakefield,E08000036,,337,,http://statistics.data.gov.uk/id/statistical-geography/E08000036
e08000030,Walsall,E08000030,,338,,http://statistics.data.gov.uk/id/statistical-geography/E08000030
e09000031,Waltham Forest,E09000031,,339,,http://statistics.data.gov.uk/id/statistical-geography/E09000031
e09000032,Wandsworth,E09000032,,340,,http://statistics.data.gov.uk/id/statistical-geography/E09000032
e06000007,Warrington,E06000007,,341,,http://statistics.data.gov.uk/id/statistical-geography/E06000007
e07000222,Warwick,E07000222,,342,,http://statistics.data.gov.uk/id/statistical-geography/E07000222
e10000031,Warwickshire,E10000031,,343,,http://statistics.data.gov.uk/id/statistical-geography/E10000031
e07000103,Watford,E07000103,,344,,http://statistics.data.gov.uk/id/statistical-geography/E07000103
e07000206,Waveney,E07000206,,345,,http://statistics.data.gov.uk/id/statistical-geography/E07000206
e07000216,Waverley,E07000216,,346,,http://statistics.data.gov.uk/id/statistical-geography/E07000216
e07000065,Wealden,E07000065,,347,,http://statistics.data.gov.uk/id/statistical-geography/E07000065
e07000156,Wellingborough,E07000156,,348,,http://statistics.data.gov.uk/id/statistical-geography/E07000156
e07000241,Welwyn Hatfield,E07000241,,349,,http://statistics.data.gov.uk/id/statistical-geography/E07000241
e06000037,West Berkshire,E06000037,,350,,http://statistics.data.gov.uk/id/statistical-geography/E06000037
e07000047,West Devon,E07000047,,351,,http://statistics.data.gov.uk/id/statistical-geography/E07000047
e07000052,West Dorset,E07000052,,352,,http://statistics.data.gov.uk/id/statistical-geography/E07000052
e07000127,West Lancashire,E07000127,,353,,http://statistics.data.gov.uk/id/statistical-geography/E07000127
e07000142,West Lindsey,E07000142,,354,,http://statistics.data.gov.uk/id/statistical-geography/E07000142
e47000007,West Midlands (Combined Authority),E47000007,,355,,http://statistics.data.gov.uk/id/statistical-geography/E47000007
e12000005,West Midlands (Region),E12000005,,356,,http://statistics.data.gov.uk/id/statistical-geography/E12000005
e06000062,West Northamptonshire,E06000062,,357,,http://statistics.data.gov.uk/id/statistical-geography/E06000062
e07000181,West Oxfordshire,E07000181,,358,,http://statistics.data.gov.uk/id/statistical-geography/E07000181
e07000191,West Somerset,E07000191,,359,,http://statistics.data.gov.uk/id/statistical-geography/E07000191
e07000245,West Suffolk,E07000245,,360,,http://statistics.data.gov.uk/id/statistical-geography/E07000245
e10000032,West Sussex,E10000032,,361,,http://statistics.data.gov.uk/id/statistical-geography/E10000032
e47000003,West Yorkshire,E47000003,,362,,http://statistics.data.gov.uk/id/statistical-geography/E47000003
e47000009,West of England,E47000009,,363,,http://statistics.data.gov.uk/id/statistical-geography/E47000009
e09000033,Westminster,E09000033,,364,,http://statistics.data.gov.uk/id/statistical-geography/E09000033
e07000053,Weymouth and Portland,E07000053,,365,,http://statistics.data.gov.uk/id/statistical-geography/E07000053
e08000010,Wigan,E08000010,,366,,http://statistics.data.gov.uk/id/statistical-geography/E08000010
e06000054,Wiltshire,E06000054,,367,,http://statistics.data.gov.uk/id/statistical-geography/E06000054
e07000094,Winchester,E07000094,,368,,http://statistics.data.gov.uk/id/statistical-geography/E07000094
e06000040,Windsor and Maidenhead,E06000040,,369,,http://statistics.data.gov.uk/id/statistical-geography/E06000040
e08000015,Wirral,E08000015,,370,,http://statistics.data.gov.uk/id/statistical-geography/E08000015
e07000217,Woking,E07000217,,371,,http://statistics.data.gov.uk/id/statistical-geography/E07000217
e06000041,Wokingham,E06000041,,372,,http://statistics.data.gov.uk/id/statistical-geography/E06000041
e08000031,Wolverhampton,E08000031,,373,,http://statistics.data.gov.uk/id/statistical-geography/E08000031
e07000237,Worcester,E07000237,,374,,http://statistics.data.gov.uk/id/statistical-geography/E07000237
e10000034,Worcestershire,E10000034,,375,,http://statistics.data.gov.uk/id/statistical-geography/E10000034
e07000229,Worthing,E07000229,,376,,http://statistics.data.gov.uk/id/statistical-geography/E07000229
e07000238,Wychavon,E07000238,,377,,http://statistics.data.gov.uk/id/statistical-geography/E07000238
e07000007,Wycombe,E07000007,,378,,http://statistics.data.gov.uk/id/statistical-geography/E07000007
e07000128,Wyre,E07000128,,379,,http://statistics.data.gov.uk/id/statistical-geography/E07000128
e07000239,Wyre Forest,E07000239,,380,,http://statistics.data.gov.uk/id/statistical-geography/E07000239
e06000014,York,E06000014,,381,,http://statistics.data.gov.uk/id/statistical-geography/E06000014
e12000003,Yorkshire and The Humber,E12000003,,382,,http://statistics.data.gov.uk/id/statistical-geography/E12000003
