Uri Identifier,Label,Notation,Parent Uri Identifier,Sort Priority,Description
adur,Adur,adur,,0,
allerdale,Allerdale,allerdale,,1,
amber-valley,Amber Valley,amber-valley,,2,
arun,Arun,arun,,3,
ashfield,Ashfield,ashfield,,4,
ashford,Ashford,ashford,,5,
babergh,Babergh,babergh,,6,
barking-and-dagenham,Barking and Dagenham,barking-and-dagenham,,7,
barnet,Barnet,barnet,,8,
barnsley,Barnsley,barnsley,,9,
barrow-in-furness,Barrow-in-Furness,barrow-in-furness,,10,
basildon,Basildon,basildon,,11,
basingstoke-and-deane,Basingstoke and Deane,basingstoke-and-deane,,12,
bassetlaw,Bassetlaw,bassetlaw,,13,
bath-and-north-east-somerset,Bath and North East Somerset,bath-and-north-east-somerset,,14,
bedford,Bedford,bedford,,15,
bexley,Bexley,bexley,,16,
birmingham,Birmingham,birmingham,,17,
blaby,Blaby,blaby,,18,
blackburn-with-darwen,Blackburn with Darwen,blackburn-with-darwen,,19,
blackpool,Blackpool,blackpool,,20,
bolsover,Bolsover,bolsover,,21,
bolton,Bolton,bolton,,22,
boston,Boston,boston,,23,
bournemouth-christchurch-and-poole,"Bournemouth, Christchurch and Poole",bournemouth-christchurch-and-poole,,24,
bracknell-forest,Bracknell Forest,bracknell-forest,,25,
bradford,Bradford ,bradford,,26,
braintree,Braintree,braintree,,27,
breckland,Breckland,breckland,,28,
brent,Brent ,brent,,29,
brentwood,Brentwood,brentwood,,30,
brighton-and-hove,Brighton and Hove,brighton-and-hove,,31,
bristol-city-of,"Bristol, City of",bristol-city-of,,32,
broadland,Broadland,broadland,,33,
bromley,Bromley,bromley,,34,
bromsgrove,Bromsgrove,bromsgrove,,35,
broxbourne,Broxbourne,broxbourne,,36,
broxtowe,Broxtowe,broxtowe,,37,
buckinghamshire,Buckinghamshire,buckinghamshire,,38,
burnley,Burnley,burnley,,39,
bury,Bury,bury,,40,
calderdale,Calderdale,calderdale,,41,
cambridge,Cambridge,cambridge,,42,
cambridgeshire,Cambridgeshire,cambridgeshire,,43,
cambridgeshire-and-peterborough,Cambridgeshire and Peterborough,cambridgeshire-and-peterborough,,44,
camden,Camden,camden,,45,
cannock-chase,Cannock Chase,cannock-chase,,46,
canterbury,Canterbury,canterbury,,47,
carlisle,Carlisle,carlisle,,48,
castle-point,Castle Point,castle-point,,49,
central-bedfordshire,Central Bedfordshire,central-bedfordshire,,50,
charnwood,Charnwood,charnwood,,51,
chelmsford,Chelmsford,chelmsford,,52,
cheltenham,Cheltenham,cheltenham,,53,
cherwell,Cherwell,cherwell,,54,
cheshire-east,Cheshire East,cheshire-east,,55,
cheshire-west-and-chester,Cheshire West and Chester,cheshire-west-and-chester,,56,
chesterfield,Chesterfield,chesterfield,,57,
chichester,Chichester,chichester,,58,
chorley,Chorley,chorley,,59,
city-of-london,City of London,city-of-london,,60,
colchester,Colchester,colchester,,61,
copeland,Copeland,copeland,,62,
cornwall,Cornwall,cornwall,,63,
cotswold,Cotswold,cotswold,,64,
county-durham,County Durham,county-durham,,65,
coventry,Coventry,coventry,,66,
craven,Craven,craven,,67,
crawley,Crawley,crawley,,68,
croydon,Croydon,croydon,,69,
cumberland,Cumberland,cumberland,,70,
cumbria,Cumbria ,cumbria,,71,
dacorum,Dacorum,dacorum,,72,
darlington,Darlington,darlington,,73,
dartford,Dartford,dartford,,74,
derby,Derby ,derby,,75,
derbyshire,Derbyshire,derbyshire,,76,
derbyshire-dales,Derbyshire Dales,derbyshire-dales,,77,
devon,Devon,devon,,78,
doncaster,Doncaster,doncaster,,79,
dorset,Dorset,dorset,,80,
dover,Dover,dover,,81,
dudley,Dudley ,dudley,,82,
ealing,Ealing,ealing,,83,
east-cambridgeshire,East Cambridgeshire,east-cambridgeshire,,84,
east-devon,East Devon,east-devon,,85,
east-hampshire,East Hampshire,east-hampshire,,86,
east-hertfordshire,East Hertfordshire,east-hertfordshire,,87,
east-lindsey,East Lindsey,east-lindsey,,88,
east-midlands,East Midlands,east-midlands,,89,
east-riding-of-yorkshire,East Riding of Yorkshire,east-riding-of-yorkshire,,90,
east-staffordshire,East Staffordshire,east-staffordshire,,91,
east-suffolk,East Suffolk,east-suffolk,,92,
east-sussex,East Sussex,east-sussex,,93,
east-of-england,East of England,east-of-england,,94,
eastbourne,Eastbourne,eastbourne,,95,
eastleigh,Eastleigh,eastleigh,,96,
eden,Eden,eden,,97,
elmbridge,Elmbridge,elmbridge,,98,
enfield,Enfield,enfield,,99,
england,England,england,,100,
epping-forest,Epping Forest,epping-forest,,101,
epsom-and-ewell,Epsom and Ewell,epsom-and-ewell,,102,
erewash,Erewash,erewash,,103,
essex,Essex,essex,,104,
exeter,Exeter,exeter,,105,
fareham,Fareham,fareham,,106,
fenland,Fenland,fenland,,107,
folkestone-and-hythe,Folkestone and Hythe,folkestone-and-hythe,,108,
forest-of-dean,Forest of Dean,forest-of-dean,,109,
fylde,Fylde,fylde,,110,
gateshead,Gateshead,gateshead,,111,
gedling,Gedling,gedling,,112,
gloucester,Gloucester,gloucester,,113,
gloucestershire,Gloucestershire,gloucestershire,,114,
gosport,Gosport,gosport,,115,
gravesham,Gravesham,gravesham,,116,
great-yarmouth,Great Yarmouth,great-yarmouth,,117,
greater-manchester,Greater Manchester,greater-manchester,,118,
greenwich,Greenwich,greenwich,,119,
guildford,Guildford,guildford,,120,
hackney,Hackney,hackney,,121,
halton,Halton,halton,,122,
hambleton,Hambleton,hambleton,,123,
hammersmith-and-fulham,Hammersmith and Fulham ,hammersmith-and-fulham,,124,
hampshire,Hampshire,hampshire,,125,
harborough,Harborough,harborough,,126,
haringey,Haringey,haringey,,127,
harlow,Harlow,harlow,,128,
harrogate,Harrogate,harrogate,,129,
harrow,Harrow,harrow,,130,
hart,Hart,hart,,131,
hartlepool,Hartlepool,hartlepool,,132,
hastings,Hastings,hastings,,133,
havant,Havant,havant,,134,
havering,Havering,havering,,135,
herefordshire-county-of,"Herefordshire, County of",herefordshire-county-of,,136,
hertfordshire,Hertfordshire ,hertfordshire,,137,
hertsmere,Hertsmere,hertsmere,,138,
high-peak,High Peak,high-peak,,139,
hillingdon,Hillingdon,hillingdon,,140,
hinckley-and-bosworth,Hinckley and Bosworth,hinckley-and-bosworth,,141,
horsham,Horsham,horsham,,142,
hounslow,Hounslow,hounslow,,143,
huntingdonshire,Huntingdonshire,huntingdonshire,,144,
hyndburn,Hyndburn,hyndburn,,145,
ipswich,Ipswich,ipswich,,146,
isle-of-wight,Isle of Wight,isle-of-wight,,147,
isles-of-scilly,Isles of Scilly,isles-of-scilly,,148,
islington,Islington,islington,,149,
kensington-and-chelsea,Kensington and Chelsea,kensington-and-chelsea,,150,
kent,Kent,kent,,151,
king-s-lynn-and-west-norfolk,King's Lynn and West Norfolk,king-s-lynn-and-west-norfolk,,152,
kingston-upon-hull-city-of,"Kingston upon Hull, City of",kingston-upon-hull-city-of,,153,
kingston-upon-thames,Kingston upon Thames,kingston-upon-thames,,154,
kirklees,Kirklees ,kirklees,,155,
knowsley,Knowsley ,knowsley,,156,
lambeth,Lambeth ,lambeth,,157,
lancashire,Lancashire,lancashire,,158,
lancaster,Lancaster,lancaster,,159,
leeds,Leeds ,leeds,,160,
leicester,Leicester,leicester,,161,
leicestershire,Leicestershire,leicestershire,,162,
lewes,Lewes,lewes,,163,
lewisham,Lewisham ,lewisham,,164,
lichfield,Lichfield,lichfield,,165,
lincoln,Lincoln,lincoln,,166,
lincolnshire,Lincolnshire ,lincolnshire,,167,
liverpool,Liverpool,liverpool,,168,
liverpool-city-region,Liverpool City Region,liverpool-city-region,,169,
london,London,london,,170,
luton,Luton,luton,,171,
maidstone,Maidstone,maidstone,,172,
maldon,Maldon,maldon,,173,
malvern-hills,Malvern Hills,malvern-hills,,174,
manchester,Manchester,manchester,,175,
mansfield,Mansfield,mansfield,,176,
medway,Medway,medway,,177,
melton,Melton,melton,,178,
mendip,Mendip,mendip,,179,
merton,Merton,merton,,180,
mid-devon,Mid Devon,mid-devon,,181,
mid-suffolk,Mid Suffolk,mid-suffolk,,182,
mid-sussex,Mid Sussex,mid-sussex,,183,
middlesbrough,Middlesbrough,middlesbrough,,184,
milton-keynes,Milton Keynes,milton-keynes,,185,
mole-valley,Mole Valley,mole-valley,,186,
new-forest,New Forest,new-forest,,187,
newark-and-sherwood,Newark and Sherwood,newark-and-sherwood,,188,
newcastle-upon-tyne,Newcastle upon Tyne,newcastle-upon-tyne,,189,
newcastle-under-lyme,Newcastle-under-Lyme,newcastle-under-lyme,,190,
newham,Newham ,newham,,191,
norfolk,Norfolk ,norfolk,,192,
north-devon,North Devon,north-devon,,193,
north-east,North East,north-east,,194,
north-east-derbyshire,North East Derbyshire,north-east-derbyshire,,195,
north-east-lincolnshire,North East Lincolnshire,north-east-lincolnshire,,196,
north-hertfordshire,North Hertfordshire,north-hertfordshire,,197,
north-kesteven,North Kesteven,north-kesteven,,198,
north-lincolnshire,North Lincolnshire,north-lincolnshire,,199,
north-norfolk,North Norfolk,north-norfolk,,200,
north-northamptonshire,North Northamptonshire,north-northamptonshire,,201,
north-somerset,North Somerset,north-somerset,,202,
north-tyneside,North Tyneside,north-tyneside,,203,
north-warwickshire,North Warwickshire,north-warwickshire,,204,
north-west,North West ,north-west,,205,
north-west-leicestershire,North West Leicestershire,north-west-leicestershire,,206,
north-yorkshire,North Yorkshire,north-yorkshire,,207,
north-of-tyne,North of Tyne,north-of-tyne,,208,
northumberland,Northumberland,northumberland,,209,
norwich,Norwich,norwich,,210,
nottingham,Nottingham,nottingham,,211,
nottinghamshire,Nottinghamshire,nottinghamshire,,212,
nuneaton-and-bedworth,Nuneaton and Bedworth,nuneaton-and-bedworth,,213,
oadby-and-wigston,Oadby and Wigston,oadby-and-wigston,,214,
oldham,Oldham ,oldham,,215,
oxford,Oxford,oxford,,216,
oxfordshire,Oxfordshire ,oxfordshire,,217,
pendle,Pendle,pendle,,218,
peterborough,Peterborough,peterborough,,219,
plymouth,Plymouth,plymouth,,220,
portsmouth,Portsmouth,portsmouth,,221,
preston,Preston,preston,,222,
reading,Reading,reading,,223,
redbridge,Redbridge,redbridge,,224,
redcar-and-cleveland,Redcar and Cleveland,redcar-and-cleveland,,225,
redditch,Redditch,redditch,,226,
reigate-and-banstead,Reigate and Banstead,reigate-and-banstead,,227,
ribble-valley,Ribble Valley,ribble-valley,,228,
richmond-upon-thames,Richmond upon Thames,richmond-upon-thames,,229,
richmondshire,Richmondshire,richmondshire,,230,
rochdale,Rochdale,rochdale,,231,
rochford,Rochford,rochford,,232,
rossendale,Rossendale,rossendale,,233,
rother,Rother,rother,,234,
rotherham,Rotherham ,rotherham,,235,
rugby,Rugby,rugby,,236,
runnymede,Runnymede,runnymede,,237,
rushcliffe,Rushcliffe,rushcliffe,,238,
rushmoor,Rushmoor,rushmoor,,239,
rutland,Rutland ,rutland,,240,
ryedale,Ryedale,ryedale,,241,
salford,Salford,salford,,242,
sandwell,Sandwell ,sandwell,,243,
scarborough,Scarborough,scarborough,,244,
sedgemoor,Sedgemoor,sedgemoor,,245,
sefton,Sefton,sefton,,246,
selby,Selby,selby,,247,
sevenoaks,Sevenoaks,sevenoaks,,248,
sheffield,Sheffield,sheffield,,249,
shropshire,Shropshire,shropshire,,250,
slough,Slough,slough,,251,
solihull,Solihull,solihull,,252,
somerset,Somerset ,somerset,,253,
somerset-west-and-taunton,Somerset West and Taunton,somerset-west-and-taunton,,254,
south-cambridgeshire,South Cambridgeshire,south-cambridgeshire,,255,
south-derbyshire,South Derbyshire,south-derbyshire,,256,
south-east,South East,south-east,,257,
south-gloucestershire,South Gloucestershire,south-gloucestershire,,258,
south-hams,South Hams,south-hams,,259,
south-holland,South Holland,south-holland,,260,
south-kesteven,South Kesteven,south-kesteven,,261,
south-lakeland,South Lakeland,south-lakeland,,262,
south-norfolk,South Norfolk,south-norfolk,,263,
south-oxfordshire,South Oxfordshire,south-oxfordshire,,264,
south-ribble,South Ribble,south-ribble,,265,
south-somerset,South Somerset,south-somerset,,266,
south-staffordshire,South Staffordshire,south-staffordshire,,267,
south-tyneside,South Tyneside,south-tyneside,,268,
south-west,South West,south-west,,269,
south-yorkshire,South Yorkshire,south-yorkshire,,270,
southampton,Southampton,southampton,,271,
southend-on-sea,Southend-on-Sea,southend-on-sea,,272,
southwark,Southwark,southwark,,273,
spelthorne,Spelthorne,spelthorne,,274,
st-albans,St Albans,st-albans,,275,
st-helens,St. Helens,st-helens,,276,
stafford,Stafford,stafford,,277,
staffordshire,Staffordshire,staffordshire,,278,
staffordshire-moorlands,Staffordshire Moorlands,staffordshire-moorlands,,279,
stevenage,Stevenage,stevenage,,280,
stockport,Stockport,stockport,,281,
stockton-on-tees,Stockton-on-Tees,stockton-on-tees,,282,
stoke-on-trent,Stoke-on-Trent,stoke-on-trent,,283,
stratford-on-avon,Stratford-on-Avon,stratford-on-avon,,284,
stroud,Stroud,stroud,,285,
suffolk,Suffolk,suffolk,,286,
sunderland,Sunderland,sunderland,,287,
surrey,Surrey,surrey,,288,
surrey-heath,Surrey Heath,surrey-heath,,289,
sutton,Sutton,sutton,,290,
swale,Swale,swale,,291,
swindon,Swindon,swindon,,292,
tameside,Tameside,tameside,,293,
tamworth,Tamworth,tamworth,,294,
tandridge,Tandridge,tandridge,,295,
tees-valley,Tees Valley,tees-valley,,296,
teignbridge,Teignbridge,teignbridge,,297,
telford-and-wrekin,Telford and Wrekin,telford-and-wrekin,,298,
tendring,Tendring,tendring,,299,
test-valley,Test Valley,test-valley,,300,
tewkesbury,Tewkesbury,tewkesbury,,301,
thanet,Thanet,thanet,,302,
three-rivers,Three Rivers,three-rivers,,303,
thurrock,Thurrock,thurrock,,304,
tonbridge-and-malling,Tonbridge and Malling,tonbridge-and-malling,,305,
torbay,Torbay,torbay,,306,
torridge,Torridge,torridge,,307,
tower-hamlets,Tower Hamlets,tower-hamlets,,308,
trafford,Trafford,trafford,,309,
tunbridge-wells,Tunbridge Wells,tunbridge-wells,,310,
uttlesford,Uttlesford,uttlesford,,311,
vale-of-white-horse,Vale of White Horse,vale-of-white-horse,,312,
wakefield,Wakefield,wakefield,,313,
walsall,Walsall,walsall,,314,
waltham-forest,Waltham Forest,waltham-forest,,315,
wandsworth,Wandsworth,wandsworth,,316,
warrington,Warrington,warrington,,317,
warwick,Warwick,warwick,,318,
warwickshire,Warwickshire,warwickshire,,319,
watford,Watford,watford,,320,
waverley,Waverley,waverley,,321,
wealden,Wealden,wealden,,322,
welwyn-hatfield,Welwyn Hatfield,welwyn-hatfield,,323,
west-berkshire,West Berkshire,west-berkshire,,324,
west-devon,West Devon,west-devon,,325,
west-lancashire,West Lancashire,west-lancashire,,326,
west-lindsey,West Lindsey,west-lindsey,,327,
west-midlands,West Midlands,west-midlands,,328,
west-northamptonshire,West Northamptonshire,west-northamptonshire,,329,
west-oxfordshire,West Oxfordshire,west-oxfordshire,,330,
west-suffolk,West Suffolk,west-suffolk,,331,
west-sussex,West Sussex,west-sussex,,332,
west-yorkshire,West Yorkshire,west-yorkshire,,333,
west-of-england,West of England,west-of-england,,334,
westminster,Westminster,westminster,,335,
westmorland-and-furness,Westmorland and Furness,westmorland-and-furness,,336,
wigan,Wigan,wigan,,337,
wiltshire,Wiltshire,wiltshire,,338,
winchester,Winchester,winchester,,339,
windsor-and-maidenhead,Windsor and Maidenhead,windsor-and-maidenhead,,340,
wirral,Wirral,wirral,,341,
woking,Woking,woking,,342,
wokingham,Wokingham,wokingham,,343,
wolverhampton,Wolverhampton,wolverhampton,,344,
worcester,Worcester,worcester,,345,
worcestershire,Worcestershire,worcestershire,,346,
worthing,Worthing,worthing,,347,
wychavon,Wychavon,wychavon,,348,
wyre,Wyre,wyre,,349,
wyre-forest,Wyre Forest,wyre-forest,,350,
york,York,york,,351,
yorkshire-and-the-humber,Yorkshire and The Humber,yorkshire-and-the-humber,,352,
