Uri Identifier,Label,Notation,Parent Uri Identifier,Sort Priority,Description
aberdeen-city,Aberdeen City,aberdeen-city,,0,
aberdeenshire,Aberdeenshire,aberdeenshire,,1,
adur,Adur,adur,,2,
allerdale,Allerdale,allerdale,,3,
amber-valley,Amber Valley,amber-valley,,4,
angus,Angus,angus,,5,
antrim-and-newtownabbey,Antrim and Newtownabbey,antrim-and-newtownabbey,,6,
ards-and-north-down,Ards and North Down,ards-and-north-down,,7,
argyll-and-bute,Argyll and Bute,argyll-and-bute,,8,
armagh-city-banbridge-and-craigavon,"Armagh City, Banbridge and Craigavon",armagh-city-banbridge-and-craigavon,,9,
arun,Arun,arun,,10,
ashfield,Ashfield,ashfield,,11,
ashford,Ashford,ashford,,12,
babergh,Babergh,babergh,,13,
barking-and-dagenham,Barking and Dagenham,barking-and-dagenham,,14,
barnet,Barnet,barnet,,15,
barnsley,Barnsley,barnsley,,16,
barrow-in-furness,Barrow-in-Furness,barrow-in-furness,,17,
basildon,Basildon,basildon,,18,
basingstoke-and-deane,Basingstoke and Deane,basingstoke-and-deane,,19,
bassetlaw,Bassetlaw,bassetlaw,,20,
bath-and-north-east-somerset,Bath and North East Somerset,bath-and-north-east-somerset,,21,
bedford,Bedford,bedford,,22,
belfast,Belfast,belfast,,23,
bexley,Bexley,bexley,,24,
birmingham,Birmingham,birmingham,,25,
blaby,Blaby,blaby,,26,
blackburn-with-darwen,Blackburn with Darwen,blackburn-with-darwen,,27,
blackpool,Blackpool,blackpool,,28,
blaenau-gwent,Blaenau Gwent,blaenau-gwent,,29,
bolsover,Bolsover,bolsover,,30,
bolton,Bolton,bolton,,31,
boston,Boston,boston,,32,
bournemouth-christchurch-and-poole,"Bournemouth, Christchurch and Poole",bournemouth-christchurch-and-poole,,33,
bracknell-forest,Bracknell Forest,bracknell-forest,,34,
bradford,Bradford,bradford,,35,
braintree,Braintree,braintree,,36,
breckland,Breckland,breckland,,37,
brent,Brent,brent,,38,
brentwood,Brentwood,brentwood,,39,
bridgend,Bridgend,bridgend,,40,
brighton-and-hove,Brighton and Hove,brighton-and-hove,,41,
bristol-city-of,"Bristol, City of",bristol-city-of,,42,
broadland,Broadland,broadland,,43,
bromley,Bromley,bromley,,44,
bromsgrove,Bromsgrove,bromsgrove,,45,
broxbourne,Broxbourne,broxbourne,,46,
broxtowe,Broxtowe,broxtowe,,47,
buckinghamshire,Buckinghamshire,buckinghamshire,,48,
burnley,Burnley,burnley,,49,
bury,Bury,bury,,50,
caerphilly,Caerphilly,caerphilly,,51,
calderdale,Calderdale,calderdale,,52,
cambridge,Cambridge,cambridge,,53,
camden,Camden,camden,,54,
cannock-chase,Cannock Chase,cannock-chase,,55,
canterbury,Canterbury,canterbury,,56,
cardiff,Cardiff,cardiff,,57,
carlisle,Carlisle,carlisle,,58,
carmarthenshire,Carmarthenshire,carmarthenshire,,59,
castle-point,Castle Point,castle-point,,60,
causeway-coast-and-glens,Causeway Coast and Glens,causeway-coast-and-glens,,61,
central-bedfordshire,Central Bedfordshire,central-bedfordshire,,62,
ceredigion,Ceredigion,ceredigion,,63,
charnwood,Charnwood,charnwood,,64,
chelmsford,Chelmsford,chelmsford,,65,
cheltenham,Cheltenham,cheltenham,,66,
cherwell,Cherwell,cherwell,,67,
cheshire-east,Cheshire East,cheshire-east,,68,
cheshire-west-and-chester,Cheshire West and Chester,cheshire-west-and-chester,,69,
chesterfield,Chesterfield,chesterfield,,70,
chichester,Chichester,chichester,,71,
chorley,Chorley,chorley,,72,
city-of-edinburgh,City of Edinburgh,city-of-edinburgh,,73,
city-of-london,City of London,city-of-london,,74,
clackmannanshire,Clackmannanshire,clackmannanshire,,75,
colchester,Colchester,colchester,,76,
conwy,Conwy,conwy,,77,
copeland,Copeland,copeland,,78,
cornwall,Cornwall,cornwall,,79,
cotswold,Cotswold,cotswold,,80,
county-durham,County Durham,county-durham,,81,
coventry,Coventry,coventry,,82,
craven,Craven,craven,,83,
crawley,Crawley,crawley,,84,
croydon,Croydon,croydon,,85,
dacorum,Dacorum,dacorum,,86,
darlington,Darlington,darlington,,87,
dartford,Dartford,dartford,,88,
denbighshire,Denbighshire,denbighshire,,89,
derby,Derby,derby,,90,
derbyshire-dales,Derbyshire Dales,derbyshire-dales,,91,
derry-city-and-strabane,Derry City and Strabane,derry-city-and-strabane,,92,
doncaster,Doncaster,doncaster,,93,
dorset,Dorset,dorset,,94,
dover,Dover,dover,,95,
dudley,Dudley,dudley,,96,
dumfries-and-galloway,Dumfries and Galloway,dumfries-and-galloway,,97,
dundee-city,Dundee City,dundee-city,,98,
ealing,Ealing,ealing,,99,
east-ayrshire,East Ayrshire,east-ayrshire,,100,
east-cambridgeshire,East Cambridgeshire,east-cambridgeshire,,101,
east-devon,East Devon,east-devon,,102,
east-dunbartonshire,East Dunbartonshire,east-dunbartonshire,,103,
east-hampshire,East Hampshire,east-hampshire,,104,
east-hertfordshire,East Hertfordshire,east-hertfordshire,,105,
east-lindsey,East Lindsey,east-lindsey,,106,
east-lothian,East Lothian,east-lothian,,107,
east-midlands,East Midlands,east-midlands,,108,
east-renfrewshire,East Renfrewshire,east-renfrewshire,,109,
east-riding-of-yorkshire,East Riding of Yorkshire,east-riding-of-yorkshire,,110,
east-staffordshire,East Staffordshire,east-staffordshire,,111,
east-suffolk,East Suffolk,east-suffolk,,112,
east-of-england,East of England,east-of-england,,113,
eastbourne,Eastbourne,eastbourne,,114,
eastleigh,Eastleigh,eastleigh,,115,
eden,Eden,eden,,116,
elmbridge,Elmbridge,elmbridge,,117,
enfield,Enfield,enfield,,118,
england,England,england,,119,
epping-forest,Epping Forest,epping-forest,,120,
epsom-and-ewell,Epsom and Ewell,epsom-and-ewell,,121,
erewash,Erewash,erewash,,122,
exeter,Exeter,exeter,,123,
falkirk,Falkirk,falkirk,,124,
fareham,Fareham,fareham,,125,
fenland,Fenland,fenland,,126,
fermanagh-and-omagh,Fermanagh and Omagh,fermanagh-and-omagh,,127,
fife,Fife,fife,,128,
flintshire,Flintshire,flintshire,,129,
folkestone-and-hythe,Folkestone and Hythe,folkestone-and-hythe,,130,
forest-of-dean,Forest of Dean,forest-of-dean,,131,
fylde,Fylde,fylde,,132,
gateshead,Gateshead,gateshead,,133,
gedling,Gedling,gedling,,134,
glasgow-city,Glasgow City,glasgow-city,,135,
gloucester,Gloucester,gloucester,,136,
gosport,Gosport,gosport,,137,
gravesham,Gravesham,gravesham,,138,
great-yarmouth,Great Yarmouth,great-yarmouth,,139,
greenwich,Greenwich,greenwich,,140,
guildford,Guildford,guildford,,141,
gwynedd,Gwynedd,gwynedd,,142,
hackney,Hackney,hackney,,143,
halton,Halton,halton,,144,
hambleton,Hambleton,hambleton,,145,
hammersmith-and-fulham,Hammersmith and Fulham,hammersmith-and-fulham,,146,
harborough,Harborough,harborough,,147,
haringey,Haringey,haringey,,148,
harlow,Harlow,harlow,,149,
harrogate,Harrogate,harrogate,,150,
harrow,Harrow,harrow,,151,
hart,Hart,hart,,152,
hartlepool,Hartlepool,hartlepool,,153,
hastings,Hastings,hastings,,154,
havant,Havant,havant,,155,
havering,Havering,havering,,156,
herefordshire-county-of,"Herefordshire, County of",herefordshire-county-of,,157,
hertsmere,Hertsmere,hertsmere,,158,
high-peak,High Peak,high-peak,,159,
highland,Highland,highland,,160,
hillingdon,Hillingdon,hillingdon,,161,
hinckley-and-bosworth,Hinckley and Bosworth,hinckley-and-bosworth,,162,
horsham,Horsham,horsham,,163,
hounslow,Hounslow,hounslow,,164,
huntingdonshire,Huntingdonshire,huntingdonshire,,165,
hyndburn,Hyndburn,hyndburn,,166,
inverclyde,Inverclyde,inverclyde,,167,
ipswich,Ipswich,ipswich,,168,
isle-of-anglesey,Isle of Anglesey,isle-of-anglesey,,169,
isle-of-wight,Isle of Wight,isle-of-wight,,170,
isles-of-scilly,Isles of Scilly,isles-of-scilly,,171,
islington,Islington,islington,,172,
kensington-and-chelsea,Kensington and Chelsea,kensington-and-chelsea,,173,
king-s-lynn-and-west-norfolk,King's Lynn and West Norfolk,king-s-lynn-and-west-norfolk,,174,
kingston-upon-hull-city-of,"Kingston upon Hull, City of",kingston-upon-hull-city-of,,175,
kingston-upon-thames,Kingston upon Thames,kingston-upon-thames,,176,
kirklees,Kirklees,kirklees,,177,
knowsley,Knowsley,knowsley,,178,
lambeth,Lambeth,lambeth,,179,
lancaster,Lancaster,lancaster,,180,
leeds,Leeds,leeds,,181,
leicester,Leicester,leicester,,182,
lewes,Lewes,lewes,,183,
lewisham,Lewisham,lewisham,,184,
lichfield,Lichfield,lichfield,,185,
lincoln,Lincoln,lincoln,,186,
lisburn-and-castlereagh,Lisburn and Castlereagh,lisburn-and-castlereagh,,187,
liverpool,Liverpool,liverpool,,188,
london,London,london,,189,
luton,Luton,luton,,190,
maidstone,Maidstone,maidstone,,191,
maldon,Maldon,maldon,,192,
malvern-hills,Malvern Hills,malvern-hills,,193,
manchester,Manchester,manchester,,194,
mansfield,Mansfield,mansfield,,195,
medway,Medway,medway,,196,
melton,Melton,melton,,197,
mendip,Mendip,mendip,,198,
merthyr-tydfil,Merthyr Tydfil,merthyr-tydfil,,199,
merton,Merton,merton,,200,
mid-devon,Mid Devon,mid-devon,,201,
mid-suffolk,Mid Suffolk,mid-suffolk,,202,
mid-sussex,Mid Sussex,mid-sussex,,203,
mid-ulster,Mid Ulster,mid-ulster,,204,
mid-and-east-antrim,Mid and East Antrim,mid-and-east-antrim,,205,
middlesbrough,Middlesbrough,middlesbrough,,206,
midlothian,Midlothian,midlothian,,207,
milton-keynes,Milton Keynes,milton-keynes,,208,
mole-valley,Mole Valley,mole-valley,,209,
monmouthshire,Monmouthshire,monmouthshire,,210,
moray,Moray,moray,,211,
na-h-eileanan-siar,Na h-Eileanan Siar,na-h-eileanan-siar,,212,
neath-port-talbot,Neath Port Talbot,neath-port-talbot,,213,
new-forest,New Forest,new-forest,,214,
newark-and-sherwood,Newark and Sherwood,newark-and-sherwood,,215,
newcastle-upon-tyne,Newcastle upon Tyne,newcastle-upon-tyne,,216,
newcastle-under-lyme,Newcastle-under-Lyme,newcastle-under-lyme,,217,
newham,Newham,newham,,218,
newport,Newport,newport,,219,
newry-mourne-and-down,"Newry, Mourne and Down",newry-mourne-and-down,,220,
north-ayrshire,North Ayrshire,north-ayrshire,,221,
north-devon,North Devon,north-devon,,222,
north-east,North East,north-east,,223,
north-east-derbyshire,North East Derbyshire,north-east-derbyshire,,224,
north-east-lincolnshire,North East Lincolnshire,north-east-lincolnshire,,225,
north-hertfordshire,North Hertfordshire,north-hertfordshire,,226,
north-kesteven,North Kesteven,north-kesteven,,227,
north-lanarkshire,North Lanarkshire,north-lanarkshire,,228,
north-lincolnshire,North Lincolnshire,north-lincolnshire,,229,
north-norfolk,North Norfolk,north-norfolk,,230,
north-northamptonshire,North Northamptonshire,north-northamptonshire,,231,
north-somerset,North Somerset,north-somerset,,232,
north-tyneside,North Tyneside,north-tyneside,,233,
north-warwickshire,North Warwickshire,north-warwickshire,,234,
north-west,North West,north-west,,235,
north-west-leicestershire,North West Leicestershire,north-west-leicestershire,,236,
northern-ireland,Northern Ireland,northern-ireland,,237,
northumberland,Northumberland,northumberland,,238,
norwich,Norwich,norwich,,239,
nottingham,Nottingham,nottingham,,240,
nuneaton-and-bedworth,Nuneaton and Bedworth,nuneaton-and-bedworth,,241,
oadby-and-wigston,Oadby and Wigston,oadby-and-wigston,,242,
oldham,Oldham,oldham,,243,
orkney-islands,Orkney Islands,orkney-islands,,244,
oxford,Oxford,oxford,,245,
pembrokeshire,Pembrokeshire,pembrokeshire,,246,
pendle,Pendle,pendle,,247,
perth-and-kinross,Perth and Kinross,perth-and-kinross,,248,
peterborough,Peterborough,peterborough,,249,
plymouth,Plymouth,plymouth,,250,
portsmouth,Portsmouth,portsmouth,,251,
powys,Powys,powys,,252,
preston,Preston,preston,,253,
reading,Reading,reading,,254,
redbridge,Redbridge,redbridge,,255,
redcar-and-cleveland,Redcar and Cleveland,redcar-and-cleveland,,256,
redditch,Redditch,redditch,,257,
reigate-and-banstead,Reigate and Banstead,reigate-and-banstead,,258,
renfrewshire,Renfrewshire,renfrewshire,,259,
rhondda-cynon-taf,Rhondda Cynon Taf,rhondda-cynon-taf,,260,
ribble-valley,Ribble Valley,ribble-valley,,261,
richmond-upon-thames,Richmond upon Thames,richmond-upon-thames,,262,
richmondshire,Richmondshire,richmondshire,,263,
rochdale,Rochdale,rochdale,,264,
rochford,Rochford,rochford,,265,
rossendale,Rossendale,rossendale,,266,
rother,Rother,rother,,267,
rotherham,Rotherham,rotherham,,268,
rugby,Rugby,rugby,,269,
runnymede,Runnymede,runnymede,,270,
rushcliffe,Rushcliffe,rushcliffe,,271,
rushmoor,Rushmoor,rushmoor,,272,
rutland,Rutland,rutland,,273,
ryedale,Ryedale,ryedale,,274,
salford,Salford,salford,,275,
sandwell,Sandwell,sandwell,,276,
scarborough,Scarborough,scarborough,,277,
scotland,Scotland,scotland,,278,
scottish-borders,Scottish Borders,scottish-borders,,279,
sedgemoor,Sedgemoor,sedgemoor,,280,
sefton,Sefton,sefton,,281,
selby,Selby,selby,,282,
sevenoaks,Sevenoaks,sevenoaks,,283,
sheffield,Sheffield,sheffield,,284,
shetland-islands,Shetland Islands,shetland-islands,,285,
shropshire,Shropshire,shropshire,,286,
slough,Slough,slough,,287,
solihull,Solihull,solihull,,288,
somerset-west-and-taunton,Somerset West and Taunton,somerset-west-and-taunton,,289,
south-ayrshire,South Ayrshire,south-ayrshire,,290,
south-cambridgeshire,South Cambridgeshire,south-cambridgeshire,,291,
south-derbyshire,South Derbyshire,south-derbyshire,,292,
south-east-england,South East (England),south-east-england,,293,
south-gloucestershire,South Gloucestershire,south-gloucestershire,,294,
south-hams,South Hams,south-hams,,295,
south-holland,South Holland,south-holland,,296,
south-kesteven,South Kesteven,south-kesteven,,297,
south-lakeland,South Lakeland,south-lakeland,,298,
south-lanarkshire,South Lanarkshire,south-lanarkshire,,299,
south-norfolk,South Norfolk,south-norfolk,,300,
south-oxfordshire,South Oxfordshire,south-oxfordshire,,301,
south-ribble,South Ribble,south-ribble,,302,
south-somerset,South Somerset,south-somerset,,303,
south-staffordshire,South Staffordshire,south-staffordshire,,304,
south-tyneside,South Tyneside,south-tyneside,,305,
south-west-england,South West (England),south-west-england,,306,
southampton,Southampton,southampton,,307,
southend-on-sea,Southend-on-Sea,southend-on-sea,,308,
southwark,Southwark,southwark,,309,
spelthorne,Spelthorne,spelthorne,,310,
st-albans,St Albans,st-albans,,311,
st-helens,St. Helens,st-helens,,312,
stafford,Stafford,stafford,,313,
staffordshire-moorlands,Staffordshire Moorlands,staffordshire-moorlands,,314,
stevenage,Stevenage,stevenage,,315,
stirling,Stirling,stirling,,316,
stockport,Stockport,stockport,,317,
stockton-on-tees,Stockton-on-Tees,stockton-on-tees,,318,
stoke-on-trent,Stoke-on-Trent,stoke-on-trent,,319,
stratford-on-avon,Stratford-on-Avon,stratford-on-avon,,320,
stroud,Stroud,stroud,,321,
sunderland,Sunderland,sunderland,,322,
surrey-heath,Surrey Heath,surrey-heath,,323,
sutton,Sutton,sutton,,324,
swale,Swale,swale,,325,
swansea,Swansea,swansea,,326,
swindon,Swindon,swindon,,327,
tameside,Tameside,tameside,,328,
tamworth,Tamworth,tamworth,,329,
tandridge,Tandridge,tandridge,,330,
teignbridge,Teignbridge,teignbridge,,331,
telford-and-wrekin,Telford and Wrekin,telford-and-wrekin,,332,
tendring,Tendring,tendring,,333,
test-valley,Test Valley,test-valley,,334,
tewkesbury,Tewkesbury,tewkesbury,,335,
thanet,Thanet,thanet,,336,
three-rivers,Three Rivers,three-rivers,,337,
thurrock,Thurrock,thurrock,,338,
tonbridge-and-malling,Tonbridge and Malling,tonbridge-and-malling,,339,
torbay,Torbay,torbay,,340,
torfaen,Torfaen,torfaen,,341,
torridge,Torridge,torridge,,342,
tower-hamlets,Tower Hamlets,tower-hamlets,,343,
trafford,Trafford,trafford,,344,
tunbridge-wells,Tunbridge Wells,tunbridge-wells,,345,
uk-less-extra-regio,UK less Extra-Regio,uk-less-extra-regio,,346,
uttlesford,Uttlesford,uttlesford,,347,
vale-of-glamorgan,Vale of Glamorgan,vale-of-glamorgan,,348,
vale-of-white-horse,Vale of White Horse,vale-of-white-horse,,349,
wakefield,Wakefield,wakefield,,350,
wales,Wales,wales,,351,
walsall,Walsall,walsall,,352,
waltham-forest,Waltham Forest,waltham-forest,,353,
wandsworth,Wandsworth,wandsworth,,354,
warrington,Warrington,warrington,,355,
warwick,Warwick,warwick,,356,
watford,Watford,watford,,357,
waverley,Waverley,waverley,,358,
wealden,Wealden,wealden,,359,
welwyn-hatfield,Welwyn Hatfield,welwyn-hatfield,,360,
west-berkshire,West Berkshire,west-berkshire,,361,
west-devon,West Devon,west-devon,,362,
west-dunbartonshire,West Dunbartonshire,west-dunbartonshire,,363,
west-lancashire,West Lancashire,west-lancashire,,364,
west-lindsey,West Lindsey,west-lindsey,,365,
west-lothian,West Lothian,west-lothian,,366,
west-midlands,West Midlands,west-midlands,,367,
west-northamptonshire,West Northamptonshire,west-northamptonshire,,368,
west-oxfordshire,West Oxfordshire,west-oxfordshire,,369,
west-suffolk,West Suffolk,west-suffolk,,370,
westminster,Westminster,westminster,,371,
wigan,Wigan,wigan,,372,
wiltshire,Wiltshire,wiltshire,,373,
winchester,Winchester,winchester,,374,
windsor-and-maidenhead,Windsor and Maidenhead,windsor-and-maidenhead,,375,
wirral,Wirral,wirral,,376,
woking,Woking,woking,,377,
wokingham,Wokingham,wokingham,,378,
wolverhampton,Wolverhampton,wolverhampton,,379,
worcester,Worcester,worcester,,380,
worthing,Worthing,worthing,,381,
wrexham,Wrexham,wrexham,,382,
wychavon,Wychavon,wychavon,,383,
wyre,Wyre,wyre,,384,
wyre-forest,Wyre Forest,wyre-forest,,385,
york,York,york,,386,
yorkshire-and-the-humber,Yorkshire and The Humber,yorkshire-and-the-humber,,387,
