Uri Identifier,Label,Notation,Parent Uri Identifier,Sort Priority,Description
aberdeen-city,Aberdeen City,aberdeen-city,,0,
aberdeenshire,Aberdeenshire,aberdeenshire,,1,
adur,Adur,adur,,2,
allerdale,Allerdale,allerdale,,3,
amber-valley,Amber Valley,amber-valley,,4,
angus,Angus,angus,,5,
antrim-and-newtownabbey,Antrim and Newtownabbey,antrim-and-newtownabbey,,6,
ards-and-north-down,Ards and North Down,ards-and-north-down,,7,
argyll-and-bute,Argyll and Bute,argyll-and-bute,,8,
armagh-city-banbridge-and-craigavon,"Armagh City, Banbridge and Craigavon",armagh-city-banbridge-and-craigavon,,9,
arun,Arun,arun,,10,
ashfield,Ashfield,ashfield,,11,
ashford,Ashford,ashford,,12,
babergh,Babergh,babergh,,13,
barking-and-dagenham,Barking and Dagenham,barking-and-dagenham,,14,
barnet,Barnet,barnet,,15,
barnsley,Barnsley,barnsley,,16,
barrow-in-furness,Barrow-in-Furness,barrow-in-furness,,17,
basildon,Basildon,basildon,,18,
basingstoke-and-deane,Basingstoke and Deane,basingstoke-and-deane,,19,
bassetlaw,Bassetlaw,bassetlaw,,20,
bath-and-north-east-somerset,Bath and North East Somerset,bath-and-north-east-somerset,,21,
bedford,Bedford,bedford,,22,
belfast,Belfast,belfast,,23,
bexley,Bexley,bexley,,24,
birmingham,Birmingham,birmingham,,25,
blaby,Blaby,blaby,,26,
blackburn-with-darwen,Blackburn with Darwen,blackburn-with-darwen,,27,
blackpool,Blackpool,blackpool,,28,
blaenau-gwent,Blaenau Gwent,blaenau-gwent,,29,
bolsover,Bolsover,bolsover,,30,
bolton,Bolton,bolton,,31,
boston,Boston,boston,,32,
bournemouth-christchurch-and-poole,"Bournemouth, Christchurch and Poole",bournemouth-christchurch-and-poole,,33,
bracknell-forest,Bracknell Forest,bracknell-forest,,34,
bradford,Bradford ,bradford,,35,
braintree,Braintree,braintree,,36,
breckland,Breckland,breckland,,37,
brent,Brent ,brent,,38,
brentwood,Brentwood,brentwood,,39,
bridgend,Bridgend,bridgend,,40,
brighton-and-hove,Brighton and Hove,brighton-and-hove,,41,
bristol-city-of,"Bristol, City of",bristol-city-of,,42,
broadland,Broadland,broadland,,43,
bromley,Bromley,bromley,,44,
bromsgrove,Bromsgrove,bromsgrove,,45,
broxbourne,Broxbourne,broxbourne,,46,
broxtowe,Broxtowe,broxtowe,,47,
buckinghamshire,Buckinghamshire,buckinghamshire,,48,
burnley,Burnley,burnley,,49,
bury,Bury,bury,,50,
caerphilly,Caerphilly,caerphilly,,51,
calderdale,Calderdale,calderdale,,52,
cambridge,Cambridge,cambridge,,53,
cambridgeshire,Cambridgeshire,cambridgeshire,,54,
camden,Camden,camden,,55,
cannock-chase,Cannock Chase,cannock-chase,,56,
canterbury,Canterbury,canterbury,,57,
cardiff,Cardiff,cardiff,,58,
carlisle,Carlisle,carlisle,,59,
carmarthenshire,Carmarthenshire,carmarthenshire,,60,
castle-point,Castle Point,castle-point,,61,
causeway-coast-and-glens,Causeway Coast and Glens,causeway-coast-and-glens,,62,
central-bedfordshire,Central Bedfordshire,central-bedfordshire,,63,
ceredigion,Ceredigion,ceredigion,,64,
charnwood,Charnwood,charnwood,,65,
chelmsford,Chelmsford,chelmsford,,66,
cheltenham,Cheltenham,cheltenham,,67,
cherwell,Cherwell,cherwell,,68,
cheshire-east,Cheshire East,cheshire-east,,69,
cheshire-west-and-chester,Cheshire West and Chester,cheshire-west-and-chester,,70,
chesterfield,Chesterfield,chesterfield,,71,
chichester,Chichester,chichester,,72,
chorley,Chorley,chorley,,73,
city-of-edinburgh,City of Edinburgh,city-of-edinburgh,,74,
city-of-london,City of London,city-of-london,,75,
clackmannanshire,Clackmannanshire,clackmannanshire,,76,
colchester,Colchester,colchester,,77,
conwy,Conwy,conwy,,78,
copeland,Copeland,copeland,,79,
cornwall,Cornwall,cornwall,,80,
cotswold,Cotswold,cotswold,,81,
county-durham,County Durham,county-durham,,82,
coventry,Coventry,coventry,,83,
craven,Craven,craven,,84,
crawley,Crawley,crawley,,85,
croydon,Croydon,croydon,,86,
cumbria,Cumbria ,cumbria,,87,
dacorum,Dacorum,dacorum,,88,
darlington,Darlington,darlington,,89,
dartford,Dartford,dartford,,90,
denbighshire,Denbighshire,denbighshire,,91,
derby,Derby ,derby,,92,
derbyshire,Derbyshire,derbyshire,,93,
derbyshire-dales,Derbyshire Dales,derbyshire-dales,,94,
derry-city-and-strabane,Derry City and Strabane,derry-city-and-strabane,,95,
devon,Devon,devon,,96,
doncaster,Doncaster,doncaster,,97,
dorset,Dorset,dorset,,98,
dover,Dover,dover,,99,
dudley,Dudley ,dudley,,100,
dumfries-and-galloway,Dumfries and Galloway,dumfries-and-galloway,,101,
dundee-city,Dundee City,dundee-city,,102,
ealing,Ealing,ealing,,103,
east-ayrshire,East Ayrshire,east-ayrshire,,104,
east-cambridgeshire,East Cambridgeshire,east-cambridgeshire,,105,
east-devon,East Devon,east-devon,,106,
east-dunbartonshire,East Dunbartonshire,east-dunbartonshire,,107,
east-hampshire,East Hampshire,east-hampshire,,108,
east-hertfordshire,East Hertfordshire,east-hertfordshire,,109,
east-lindsey,East Lindsey,east-lindsey,,110,
east-lothian,East Lothian,east-lothian,,111,
east-midlands,East Midlands,east-midlands,,112,
east-renfrewshire,East Renfrewshire,east-renfrewshire,,113,
east-riding-of-yorkshire,East Riding of Yorkshire,east-riding-of-yorkshire,,114,
east-staffordshire,East Staffordshire,east-staffordshire,,115,
east-suffolk,East Suffolk,east-suffolk,,116,
east-sussex,East Sussex,east-sussex,,117,
east-of-england,East of England,east-of-england,,118,
eastbourne,Eastbourne,eastbourne,,119,
eastleigh,Eastleigh,eastleigh,,120,
eden,Eden,eden,,121,
elmbridge,Elmbridge,elmbridge,,122,
enfield,Enfield,enfield,,123,
england,England,england,,124,
epping-forest,Epping Forest,epping-forest,,125,
epsom-and-ewell,Epsom and Ewell,epsom-and-ewell,,126,
erewash,Erewash,erewash,,127,
essex,Essex,essex,,128,
exeter,Exeter,exeter,,129,
falkirk,Falkirk,falkirk,,130,
fareham,Fareham,fareham,,131,
fenland,Fenland,fenland,,132,
fermanagh-and-omagh,Fermanagh and Omagh,fermanagh-and-omagh,,133,
fife,Fife,fife,,134,
flintshire,Flintshire,flintshire,,135,
folkestone-and-hythe,Folkestone and Hythe,folkestone-and-hythe,,136,
forest-of-dean,Forest of Dean,forest-of-dean,,137,
fylde,Fylde,fylde,,138,
gateshead,Gateshead,gateshead,,139,
gedling,Gedling,gedling,,140,
glasgow-city,Glasgow City,glasgow-city,,141,
gloucester,Gloucester,gloucester,,142,
gloucestershire,Gloucestershire,gloucestershire,,143,
gosport,Gosport,gosport,,144,
gravesham,Gravesham,gravesham,,145,
great-yarmouth,Great Yarmouth,great-yarmouth,,146,
greater-manchester-met-county,Greater Manchester (Met County),greater-manchester-met-county,,147,
greenwich,Greenwich,greenwich,,148,
guildford,Guildford,guildford,,149,
gwynedd,Gwynedd,gwynedd,,150,
hackney,Hackney,hackney,,151,
halton,Halton,halton,,152,
hambleton,Hambleton,hambleton,,153,
hammersmith-and-fulham,Hammersmith and Fulham ,hammersmith-and-fulham,,154,
hampshire,Hampshire,hampshire,,155,
harborough,Harborough,harborough,,156,
haringey,Haringey,haringey,,157,
harlow,Harlow,harlow,,158,
harrogate,Harrogate,harrogate,,159,
harrow,Harrow,harrow,,160,
hart,Hart,hart,,161,
hartlepool,Hartlepool,hartlepool,,162,
hastings,Hastings,hastings,,163,
havant,Havant,havant,,164,
havering,Havering,havering,,165,
herefordshire-county-of,"Herefordshire, County of",herefordshire-county-of,,166,
hertfordshire,Hertfordshire ,hertfordshire,,167,
hertsmere,Hertsmere,hertsmere,,168,
high-peak,High Peak,high-peak,,169,
highland,Highland,highland,,170,
hillingdon,Hillingdon,hillingdon,,171,
hinckley-and-bosworth,Hinckley and Bosworth,hinckley-and-bosworth,,172,
horsham,Horsham,horsham,,173,
hounslow,Hounslow,hounslow,,174,
huntingdonshire,Huntingdonshire,huntingdonshire,,175,
hyndburn,Hyndburn,hyndburn,,176,
inner-london,Inner London,inner-london,,177,
inverclyde,Inverclyde,inverclyde,,178,
ipswich,Ipswich,ipswich,,179,
isle-of-anglesey,Isle of Anglesey,isle-of-anglesey,,180,
isle-of-wight,Isle of Wight,isle-of-wight,,181,
isles-of-scilly,Isles of Scilly,isles-of-scilly,,182,
islington,Islington,islington,,183,
kensington-and-chelsea,Kensington and Chelsea,kensington-and-chelsea,,184,
kent,Kent,kent,,185,
king-s-lynn-and-west-norfolk,King's Lynn and West Norfolk,king-s-lynn-and-west-norfolk,,186,
kingston-upon-hull-city-of,"Kingston upon Hull, City of",kingston-upon-hull-city-of,,187,
kingston-upon-thames,Kingston upon Thames,kingston-upon-thames,,188,
kirklees,Kirklees ,kirklees,,189,
knowsley,Knowsley ,knowsley,,190,
lambeth,Lambeth ,lambeth,,191,
lancashire,Lancashire,lancashire,,192,
lancaster,Lancaster,lancaster,,193,
leeds,Leeds ,leeds,,194,
leicester,Leicester,leicester,,195,
leicestershire,Leicestershire,leicestershire,,196,
lewes,Lewes,lewes,,197,
lewisham,Lewisham ,lewisham,,198,
lichfield,Lichfield,lichfield,,199,
lincoln,Lincoln,lincoln,,200,
lincolnshire,Lincolnshire ,lincolnshire,,201,
lisburn-and-castlereagh,Lisburn and Castlereagh,lisburn-and-castlereagh,,202,
liverpool,Liverpool,liverpool,,203,
london,London,london,,204,
luton,Luton,luton,,205,
maidstone,Maidstone,maidstone,,206,
maldon,Maldon,maldon,,207,
malvern-hills,Malvern Hills,malvern-hills,,208,
manchester,Manchester,manchester,,209,
mansfield,Mansfield,mansfield,,210,
medway,Medway,medway,,211,
melton,Melton,melton,,212,
mendip,Mendip,mendip,,213,
merseyside-met-county,Merseyside (Met County),merseyside-met-county,,214,
merthyr-tydfil,Merthyr Tydfil,merthyr-tydfil,,215,
merton,Merton,merton,,216,
mid-devon,Mid Devon,mid-devon,,217,
mid-suffolk,Mid Suffolk,mid-suffolk,,218,
mid-sussex,Mid Sussex,mid-sussex,,219,
mid-ulster,Mid Ulster,mid-ulster,,220,
mid-and-east-antrim,Mid and East Antrim,mid-and-east-antrim,,221,
middlesbrough,Middlesbrough,middlesbrough,,222,
midlothian,Midlothian,midlothian,,223,
milton-keynes,Milton Keynes,milton-keynes,,224,
mole-valley,Mole Valley,mole-valley,,225,
monmouthshire,Monmouthshire,monmouthshire,,226,
moray,Moray,moray,,227,
na-h-eileanan-siar,Na h-Eileanan Siar,na-h-eileanan-siar,,228,
neath-port-talbot,Neath Port Talbot,neath-port-talbot,,229,
new-forest,New Forest,new-forest,,230,
newark-and-sherwood,Newark and Sherwood,newark-and-sherwood,,231,
newcastle-upon-tyne,Newcastle upon Tyne,newcastle-upon-tyne,,232,
newcastle-under-lyme,Newcastle-under-Lyme,newcastle-under-lyme,,233,
newham,Newham ,newham,,234,
newport,Newport,newport,,235,
newry-mourne-and-down,"Newry, Mourne and Down",newry-mourne-and-down,,236,
norfolk,Norfolk ,norfolk,,237,
north-ayrshire,North Ayrshire,north-ayrshire,,238,
north-devon,North Devon,north-devon,,239,
north-east,North East,north-east,,240,
north-east-derbyshire,North East Derbyshire,north-east-derbyshire,,241,
north-east-lincolnshire,North East Lincolnshire,north-east-lincolnshire,,242,
north-hertfordshire,North Hertfordshire,north-hertfordshire,,243,
north-kesteven,North Kesteven,north-kesteven,,244,
north-lanarkshire,North Lanarkshire,north-lanarkshire,,245,
north-lincolnshire,North Lincolnshire,north-lincolnshire,,246,
north-norfolk,North Norfolk,north-norfolk,,247,
north-northamptonshire,North Northamptonshire,north-northamptonshire,,248,
north-somerset,North Somerset,north-somerset,,249,
north-tyneside,North Tyneside,north-tyneside,,250,
north-warwickshire,North Warwickshire,north-warwickshire,,251,
north-west,North West ,north-west,,252,
north-west-leicestershire,North West Leicestershire,north-west-leicestershire,,253,
north-yorkshire,North Yorkshire,north-yorkshire,,254,
northern-ireland,Northern Ireland,northern-ireland,,255,
northumberland,Northumberland,northumberland,,256,
norwich,Norwich,norwich,,257,
nottingham,Nottingham,nottingham,,258,
nottinghamshire,Nottinghamshire,nottinghamshire,,259,
nuneaton-and-bedworth,Nuneaton and Bedworth,nuneaton-and-bedworth,,260,
oadby-and-wigston,Oadby and Wigston,oadby-and-wigston,,261,
oldham,Oldham ,oldham,,262,
orkney-islands,Orkney Islands,orkney-islands,,263,
outer-london,"Outer London
",outer-london,,264,
oxford,Oxford,oxford,,265,
oxfordshire,Oxfordshire ,oxfordshire,,266,
pembrokeshire,Pembrokeshire,pembrokeshire,,267,
pendle,Pendle,pendle,,268,
perth-and-kinross,Perth and Kinross,perth-and-kinross,,269,
peterborough,Peterborough,peterborough,,270,
plymouth,Plymouth,plymouth,,271,
portsmouth,Portsmouth,portsmouth,,272,
powys,Powys,powys,,273,
preston,Preston,preston,,274,
reading,Reading,reading,,275,
redbridge,Redbridge,redbridge,,276,
redcar-and-cleveland,Redcar and Cleveland,redcar-and-cleveland,,277,
redditch,Redditch,redditch,,278,
reigate-and-banstead,Reigate and Banstead,reigate-and-banstead,,279,
renfrewshire,Renfrewshire,renfrewshire,,280,
rhondda-cynon-taf,Rhondda Cynon Taf,rhondda-cynon-taf,,281,
ribble-valley,Ribble Valley,ribble-valley,,282,
richmond-upon-thames,Richmond upon Thames,richmond-upon-thames,,283,
richmondshire,Richmondshire,richmondshire,,284,
rochdale,Rochdale,rochdale,,285,
rochford,Rochford,rochford,,286,
rossendale,Rossendale,rossendale,,287,
rother,Rother,rother,,288,
rotherham,Rotherham ,rotherham,,289,
rugby,Rugby,rugby,,290,
runnymede,Runnymede,runnymede,,291,
rushcliffe,Rushcliffe,rushcliffe,,292,
rushmoor,Rushmoor,rushmoor,,293,
rutland,Rutland ,rutland,,294,
ryedale,Ryedale,ryedale,,295,
salford,Salford,salford,,296,
sandwell,Sandwell ,sandwell,,297,
scarborough,Scarborough,scarborough,,298,
scotland,Scotland,scotland,,299,
scottish-borders,Scottish Borders ,scottish-borders,,300,
sedgemoor,Sedgemoor,sedgemoor,,301,
sefton,Sefton,sefton,,302,
selby,Selby,selby,,303,
sevenoaks,Sevenoaks,sevenoaks,,304,
sheffield,Sheffield,sheffield,,305,
shetland-islands,Shetland Islands,shetland-islands,,306,
shropshire,Shropshire,shropshire,,307,
slough,Slough,slough,,308,
solihull,Solihull,solihull,,309,
somerset,Somerset ,somerset,,310,
somerset-west-and-taunton,Somerset West and Taunton,somerset-west-and-taunton,,311,
south-ayrshire,South Ayrshire,south-ayrshire,,312,
south-cambridgeshire,South Cambridgeshire,south-cambridgeshire,,313,
south-derbyshire,South Derbyshire,south-derbyshire,,314,
south-east,South East,south-east,,315,
south-gloucestershire,South Gloucestershire,south-gloucestershire,,316,
south-hams,South Hams,south-hams,,317,
south-holland,South Holland,south-holland,,318,
south-kesteven,South Kesteven,south-kesteven,,319,
south-lakeland,South Lakeland,south-lakeland,,320,
south-lanarkshire,South Lanarkshire,south-lanarkshire,,321,
south-norfolk,South Norfolk,south-norfolk,,322,
south-oxfordshire,South Oxfordshire,south-oxfordshire,,323,
south-ribble,South Ribble,south-ribble,,324,
south-somerset,South Somerset,south-somerset,,325,
south-staffordshire,South Staffordshire,south-staffordshire,,326,
south-tyneside,South Tyneside,south-tyneside,,327,
south-west,South West,south-west,,328,
south-yorkshire-met-county,South Yorkshire (Met County),south-yorkshire-met-county,,329,
southampton,Southampton,southampton,,330,
southend-on-sea,Southend-on-Sea,southend-on-sea,,331,
southwark,Southwark,southwark,,332,
spelthorne,Spelthorne,spelthorne,,333,
st-albans,St Albans,st-albans,,334,
st-helens,St. Helens,st-helens,,335,
stafford,Stafford,stafford,,336,
staffordshire,Staffordshire,staffordshire,,337,
staffordshire-moorlands,Staffordshire Moorlands,staffordshire-moorlands,,338,
stevenage,Stevenage,stevenage,,339,
stirling,Stirling,stirling,,340,
stockport,Stockport,stockport,,341,
stockton-on-tees,Stockton-on-Tees,stockton-on-tees,,342,
stoke-on-trent,Stoke-on-Trent,stoke-on-trent,,343,
stratford-on-avon,Stratford-on-Avon,stratford-on-avon,,344,
stroud,Stroud,stroud,,345,
suffolk,Suffolk,suffolk,,346,
sunderland,Sunderland,sunderland,,347,
surrey,Surrey,surrey,,348,
surrey-heath,Surrey Heath,surrey-heath,,349,
sutton,Sutton,sutton,,350,
swale,Swale,swale,,351,
swansea,Swansea,swansea,,352,
swindon,Swindon,swindon,,353,
tameside,Tameside,tameside,,354,
tamworth,Tamworth,tamworth,,355,
tandridge,Tandridge,tandridge,,356,
teignbridge,Teignbridge,teignbridge,,357,
telford-and-wrekin,Telford and Wrekin,telford-and-wrekin,,358,
tendring,Tendring,tendring,,359,
test-valley,Test Valley,test-valley,,360,
tewkesbury,Tewkesbury,tewkesbury,,361,
thanet,Thanet,thanet,,362,
three-rivers,Three Rivers,three-rivers,,363,
thurrock,Thurrock,thurrock,,364,
tonbridge-and-malling,Tonbridge and Malling,tonbridge-and-malling,,365,
torbay,Torbay,torbay,,366,
torfaen,Torfaen,torfaen,,367,
torridge,Torridge,torridge,,368,
tower-hamlets,Tower Hamlets,tower-hamlets,,369,
trafford,Trafford,trafford,,370,
tunbridge-wells,Tunbridge Wells,tunbridge-wells,,371,
tyne-and-wear-met-county,Tyne and Wear (Met County),tyne-and-wear-met-county,,372,
united-kingdom,United Kingdom,united-kingdom,,373,
uttlesford,Uttlesford,uttlesford,,374,
vale-of-glamorgan,Vale of Glamorgan,vale-of-glamorgan,,375,
vale-of-white-horse,Vale of White Horse,vale-of-white-horse,,376,
wakefield,Wakefield,wakefield,,377,
wales,Wales,wales,,378,
walsall,Walsall,walsall,,379,
waltham-forest,Waltham Forest,waltham-forest,,380,
wandsworth,Wandsworth,wandsworth,,381,
warrington,Warrington,warrington,,382,
warwick,Warwick,warwick,,383,
warwickshire,Warwickshire,warwickshire,,384,
watford,Watford,watford,,385,
waverley,Waverley,waverley,,386,
wealden,Wealden,wealden,,387,
welwyn-hatfield,Welwyn Hatfield,welwyn-hatfield,,388,
west-berkshire,West Berkshire,west-berkshire,,389,
west-devon,West Devon,west-devon,,390,
west-dunbartonshire,West Dunbartonshire,west-dunbartonshire,,391,
west-lancashire,West Lancashire,west-lancashire,,392,
west-lindsey,West Lindsey,west-lindsey,,393,
west-lothian,West Lothian,west-lothian,,394,
west-midlands,West Midlands,west-midlands,,395,
west-northamptonshire,West Northamptonshire,west-northamptonshire,,396,
west-oxfordshire,West Oxfordshire,west-oxfordshire,,397,
west-suffolk,West Suffolk,west-suffolk,,398,
west-sussex,West Sussex,west-sussex,,399,
west-yorkshire-met-county,West Yorkshire (Met County),west-yorkshire-met-county,,400,
westminster,Westminster,westminster,,401,
wigan,Wigan,wigan,,402,
wiltshire,Wiltshire,wiltshire,,403,
winchester,Winchester,winchester,,404,
windsor-and-maidenhead,Windsor and Maidenhead,windsor-and-maidenhead,,405,
wirral,Wirral,wirral,,406,
woking,Woking,woking,,407,
wokingham,Wokingham,wokingham,,408,
wolverhampton,Wolverhampton,wolverhampton,,409,
worcester,Worcester,worcester,,410,
worcestershire,Worcestershire,worcestershire,,411,
worthing,Worthing,worthing,,412,
wrexham,Wrexham,wrexham,,413,
wychavon,Wychavon,wychavon,,414,
wyre,Wyre,wyre,,415,
wyre-forest,Wyre Forest,wyre-forest,,416,
york,York,york,,417,
yorkshire-and-the-humber,Yorkshire and The Humber,yorkshire-and-the-humber,,418,
