areacd,areanm,geography,period,communication_and_language,communication_lower_confidence_interval_95,communication_upper_confidence_interval_95,communication_observation_status,literacy,literacy_lower_confidence_interval_95,literacy_upper_confidence_interval_95,literacy_observation_status,mathematics,mathematics_lower_confidence_interval_95,mathematics_upper_confidence_interval_95,mathematics_observation_status
E92000001,England,Nation,2022-09-01T00:00:00/P1Y,79.7,,,,69.7,,,,77.1,,,
E92000001,England,Nation,2021-09-01T00:00:00/P1Y,79.5,,,,68,,,,75.9,,,
K99000004,Outside of England and Unknown,Region,2022-09-01T00:00:00/P1Y,76,,,,60.9,,,,71.2,,,
K99000004,Outside of England and Unknown,Region,2021-09-01T00:00:00/P1Y,75.8,,,,60.7,,,,68.1,,,
E12000001,North East,Region,2022-09-01T00:00:00/P1Y,78.9,,,,68.4,,,,75.6,,,
E12000001,North East,Region,2021-09-01T00:00:00/P1Y,79,,,,66.6,,,,74.2,,,
E06000047,County Durham,County or Unitary Authority,2022-09-01T00:00:00/P1Y,77.9,,,,68.7,,,,75.1,,,
E06000047,County Durham,County or Unitary Authority,2021-09-01T00:00:00/P1Y,79.1,,,,67.2,,,,74.8,,,
E06000005,Darlington,County or Unitary Authority,2022-09-01T00:00:00/P1Y,76.4,,,,66.7,,,,73.5,,,
E06000005,Darlington,County or Unitary Authority,2021-09-01T00:00:00/P1Y,76.7,,,,67.7,,,,74.9,,,
E06000001,Hartlepool,County or Unitary Authority,2021-09-01T00:00:00/P1Y,76.1,,,,67.8,,,,73.5,,,
E06000001,Hartlepool,County or Unitary Authority,2022-09-01T00:00:00/P1Y,76,,,,66.5,,,,73.1,,,
E06000002,Middlesbrough,County or Unitary Authority,2021-09-01T00:00:00/P1Y,69.8,,,,59,,,,65.4,,,
E06000002,Middlesbrough,County or Unitary Authority,2022-09-01T00:00:00/P1Y,71.1,,,,62.3,,,,67.8,,,
E06000057,Northumberland,County or Unitary Authority,2022-09-01T00:00:00/P1Y,81.5,,,,71.3,,,,79.7,,,
E06000057,Northumberland,County or Unitary Authority,2021-09-01T00:00:00/P1Y,82.2,,,,70.1,,,,78.5,,,
E06000003,Redcar and Cleveland,County or Unitary Authority,2022-09-01T00:00:00/P1Y,79.4,,,,69.3,,,,76.1,,,
E06000003,Redcar and Cleveland,County or Unitary Authority,2021-09-01T00:00:00/P1Y,76.9,,,,67.3,,,,74.6,,,
E06000004,Stockton-on-Tees,County or Unitary Authority,2021-09-01T00:00:00/P1Y,81.5,,,,70.1,,,,77.2,,,
E06000004,Stockton-on-Tees,County or Unitary Authority,2022-09-01T00:00:00/P1Y,80.5,,,,71.5,,,,78.8,,,
E08000037,Gateshead,Local Authority District,2022-09-01T00:00:00/P1Y,85,,,,69.8,,,,76.3,,,
E08000037,Gateshead,Local Authority District,2021-09-01T00:00:00/P1Y,85.5,,,,65.9,,,,75.1,,,
E08000021,Newcastle upon Tyne,Local Authority District,2022-09-01T00:00:00/P1Y,78.2,,,,65.8,,,,73.8,,,
E08000021,Newcastle upon Tyne,Local Authority District,2021-09-01T00:00:00/P1Y,79.2,,,,64.1,,,,73,,,
E08000022,North Tyneside,Local Authority District,2022-09-01T00:00:00/P1Y,80.6,,,,68.5,,,,77.8,,,
E08000022,North Tyneside,Local Authority District,2021-09-01T00:00:00/P1Y,80.1,,,,65.7,,,,73.8,,,
E08000023,South Tyneside,Local Authority District,2021-09-01T00:00:00/P1Y,79.3,,,,67.8,,,,73.9,,,
E08000023,South Tyneside,Local Authority District,2022-09-01T00:00:00/P1Y,79.3,,,,71.4,,,,77.1,,,
E08000024,Sunderland,Local Authority District,2022-09-01T00:00:00/P1Y,78.4,,,,67.8,,,,75.2,,,
E08000024,Sunderland,Local Authority District,2021-09-01T00:00:00/P1Y,77.2,,,,66.2,,,,73,,,
E12000002,North West ,Region,2022-09-01T00:00:00/P1Y,77.1,,,,66.7,,,,74.3,,,
E12000002,North West ,Region,2021-09-01T00:00:00/P1Y,76.5,,,,64.6,,,,72.9,,,
E06000008,Blackburn with Darwen,County or Unitary Authority,2021-09-01T00:00:00/P1Y,74.6,,,,66,,,,72.4,,,
E06000008,Blackburn with Darwen,County or Unitary Authority,2022-09-01T00:00:00/P1Y,74.7,,,,65.9,,,,72.2,,,
E06000009,Blackpool,County or Unitary Authority,2022-09-01T00:00:00/P1Y,75.6,,,,66.2,,,,72.5,,,
E06000009,Blackpool,County or Unitary Authority,2021-09-01T00:00:00/P1Y,73.7,,,,62.3,,,,72,,,
E06000049,Cheshire East,County or Unitary Authority,2022-09-01T00:00:00/P1Y,81.3,,,,72.2,,,,79.6,,,
E06000049,Cheshire East,County or Unitary Authority,2021-09-01T00:00:00/P1Y,81.1,,,,70,,,,77.2,,,
E06000050,Cheshire West and Chester,County or Unitary Authority,2022-09-01T00:00:00/P1Y,79.5,,,,70.3,,,,77.5,,,
E06000050,Cheshire West and Chester,County or Unitary Authority,2021-09-01T00:00:00/P1Y,82.1,,,,70.2,,,,78.5,,,
E06000006,Halton,County or Unitary Authority,2021-09-01T00:00:00/P1Y,77.9,,,,61.7,,,,71.9,,,
E06000006,Halton,County or Unitary Authority,2022-09-01T00:00:00/P1Y,76.5,,,,64.2,,,,71.8,,,
E06000007,Warrington,County or Unitary Authority,2021-09-01T00:00:00/P1Y,81.4,,,,71.5,,,,79.8,,,
E06000007,Warrington,County or Unitary Authority,2022-09-01T00:00:00/P1Y,79.9,,,,71.7,,,,78.9,,,
E10000006,Cumbria ,County or Unitary Authority,2021-09-01T00:00:00/P1Y,81.2,,,,65.5,,,,74.2,,,
E06000063,Cumberland,County or Unitary Authority,2022-09-01T00:00:00/P1Y,82.1,,,,69,,,,75.3,,,
E06000064,Westmorland and Furness,County or Unitary Authority,2022-09-01T00:00:00/P1Y,81.9,,,,69,,,,77.1,,,
E07000026,Allerdale,Local Authority District,2021-09-01T00:00:00/P1Y,80.7,,,,66.1,,,,74.3,,,
E07000027,Barrow-in-Furness,Local Authority District,2021-09-01T00:00:00/P1Y,77.5,,,,61.2,,,,69.3,,,
E07000028,Carlisle,Local Authority District,2021-09-01T00:00:00/P1Y,79.8,,,,60.8,,,,70.2,,,
E07000029,Copeland,Local Authority District,2021-09-01T00:00:00/P1Y,77,,,,65.6,,,,71.4,,,
E07000030,Eden,Local Authority District,2021-09-01T00:00:00/P1Y,84.4,,,,68.5,,,,79.2,,,
E07000031,South Lakeland,Local Authority District,2021-09-01T00:00:00/P1Y,88,,,,72.4,,,,82.2,,,
E08000001,Bolton,Local Authority District,2021-09-01T00:00:00/P1Y,75.9,,,,65.8,,,,72,,,
E08000001,Bolton,Local Authority District,2022-09-01T00:00:00/P1Y,75.2,,,,66.1,,,,72.1,,,
E08000002,Bury,Local Authority District,2022-09-01T00:00:00/P1Y,79.5,,,,68,,,,75.9,,,
E08000002,Bury,Local Authority District,2021-09-01T00:00:00/P1Y,80,,,,66.1,,,,74.5,,,
E08000003,Manchester,Local Authority District,2021-09-01T00:00:00/P1Y,68,,,,55.4,,,,63.9,,,
E08000003,Manchester,Local Authority District,2022-09-01T00:00:00/P1Y,69.7,,,,60.2,,,,67.4,,,
E08000004,Oldham ,Local Authority District,2021-09-01T00:00:00/P1Y,73,,,,62.5,,,,69.1,,,
E08000004,Oldham ,Local Authority District,2022-09-01T00:00:00/P1Y,75.4,,,,64.4,,,,71.2,,,
E08000005,Rochdale,Local Authority District,2021-09-01T00:00:00/P1Y,73.9,,,,61.8,,,,69.7,,,
E08000005,Rochdale,Local Authority District,2022-09-01T00:00:00/P1Y,74.3,,,,64.2,,,,72.3,,,
E08000006,Salford,Local Authority District,2021-09-01T00:00:00/P1Y,73.4,,,,60.5,,,,71,,,
E08000006,Salford,Local Authority District,2022-09-01T00:00:00/P1Y,75.4,,,,64.1,,,,74,,,
E08000007,Stockport,Local Authority District,2022-09-01T00:00:00/P1Y,80.5,,,,69.5,,,,77.8,,,
E08000007,Stockport,Local Authority District,2021-09-01T00:00:00/P1Y,80.4,,,,68.2,,,,77.4,,,
E08000008,Tameside,Local Authority District,2022-09-01T00:00:00/P1Y,76.3,,,,64.2,,,,73.2,,,
E08000008,Tameside,Local Authority District,2021-09-01T00:00:00/P1Y,76.2,,,,63,,,,71.3,,,
E08000009,Trafford,Local Authority District,2021-09-01T00:00:00/P1Y,84.7,,,,74.7,,,,82.1,,,
E08000009,Trafford,Local Authority District,2022-09-01T00:00:00/P1Y,83.7,,,,75,,,,81.8,,,
E08000010,Wigan,Local Authority District,2021-09-01T00:00:00/P1Y,75.3,,,,64.6,,,,72.5,,,
E08000010,Wigan,Local Authority District,2022-09-01T00:00:00/P1Y,75.7,,,,66,,,,73.4,,,
E10000017,Lancashire,County or Unitary Authority,2021-09-01T00:00:00/P1Y,76.5,,,,65.3,,,,73.7,,,
E10000017,Lancashire,County or Unitary Authority,2022-09-01T00:00:00/P1Y,78.1,,,,67.5,,,,75.3,,,
E07000117,Burnley,Local Authority District,2021-09-01T00:00:00/P1Y,68.4,,,,56.7,,,,64.9,,,
E07000117,Burnley,Local Authority District,2022-09-01T00:00:00/P1Y,68,,,,59,,,,65.8,,,
E07000118,Chorley,Local Authority District,2022-09-01T00:00:00/P1Y,78.1,,,,69.2,,,,76.7,,,
E07000118,Chorley,Local Authority District,2021-09-01T00:00:00/P1Y,79.2,,,,69.1,,,,76.7,,,
E07000119,Fylde,Local Authority District,2022-09-01T00:00:00/P1Y,83.4,,,,76.4,,,,81.9,,,
E07000119,Fylde,Local Authority District,2021-09-01T00:00:00/P1Y,82.2,,,,71.8,,,,81.8,,,
E07000120,Hyndburn,Local Authority District,2022-09-01T00:00:00/P1Y,75.7,,,,66.7,,,,73.7,,,
E07000120,Hyndburn,Local Authority District,2021-09-01T00:00:00/P1Y,73.3,,,,61.9,,,,67.1,,,
E07000121,Lancaster,Local Authority District,2022-09-01T00:00:00/P1Y,81.9,,,,70.6,,,,79.3,,,
E07000121,Lancaster,Local Authority District,2021-09-01T00:00:00/P1Y,78.6,,,,65.5,,,,76.8,,,
E07000122,Pendle,Local Authority District,2021-09-01T00:00:00/P1Y,67,,,,59.3,,,,65.7,,,
E07000122,Pendle,Local Authority District,2022-09-01T00:00:00/P1Y,73.2,,,,63.4,,,,70.6,,,
E07000123,Preston,Local Authority District,2021-09-01T00:00:00/P1Y,78.1,,,,67.9,,,,75.2,,,
E07000123,Preston,Local Authority District,2022-09-01T00:00:00/P1Y,76.8,,,,65.6,,,,72,,,
E07000124,Ribble Valley,Local Authority District,2021-09-01T00:00:00/P1Y,81.9,,,,71.9,,,,79.7,,,
E07000124,Ribble Valley,Local Authority District,2022-09-01T00:00:00/P1Y,84.9,,,,74.5,,,,81,,,
E07000125,Rossendale,Local Authority District,2022-09-01T00:00:00/P1Y,77.3,,,,66.8,,,,76.2,,,
E07000125,Rossendale,Local Authority District,2021-09-01T00:00:00/P1Y,78.7,,,,67.9,,,,77.3,,,
E07000126,South Ribble,Local Authority District,2022-09-01T00:00:00/P1Y,79.6,,,,67,,,,77.2,,,
E07000126,South Ribble,Local Authority District,2021-09-01T00:00:00/P1Y,77.5,,,,63.4,,,,74.6,,,
E07000127,West Lancashire,Local Authority District,2022-09-01T00:00:00/P1Y,78.9,,,,66.6,,,,75.7,,,
E07000127,West Lancashire,Local Authority District,2021-09-01T00:00:00/P1Y,77.8,,,,65.4,,,,73.8,,,
E07000128,Wyre,Local Authority District,2022-09-01T00:00:00/P1Y,83.5,,,,70.6,,,,79.4,,,
E07000128,Wyre,Local Authority District,2021-09-01T00:00:00/P1Y,78.6,,,,66.3,,,,74.6,,,
E08000011,Knowsley ,Local Authority District,2022-09-01T00:00:00/P1Y,77.6,,,,65,,,,72.8,,,
E08000011,Knowsley ,Local Authority District,2021-09-01T00:00:00/P1Y,73.8,,,,60.7,,,,69.4,,,
E08000012,Liverpool,Local Authority District,2022-09-01T00:00:00/P1Y,75.6,,,,63.5,,,,71,,,
E08000012,Liverpool,Local Authority District,2021-09-01T00:00:00/P1Y,75.1,,,,61.6,,,,70.3,,,
E08000014,Sefton,Local Authority District,2022-09-01T00:00:00/P1Y,76.4,,,,67.3,,,,75.3,,,
E08000014,Sefton,Local Authority District,2021-09-01T00:00:00/P1Y,76.4,,,,64.4,,,,73.6,,,
E08000013,St. Helens,Local Authority District,2022-09-01T00:00:00/P1Y,76.8,,,,66,,,,73.3,,,
E08000013,St. Helens,Local Authority District,2021-09-01T00:00:00/P1Y,76.2,,,,63.3,,,,72.2,,,
E08000015,Wirral,Local Authority District,2022-09-01T00:00:00/P1Y,75.6,,,,67.7,,,,76.1,,,
E08000015,Wirral,Local Authority District,2021-09-01T00:00:00/P1Y,74.9,,,,66.6,,,,75,,,
E12000003,Yorkshire and The Humber,Region,2021-09-01T00:00:00/P1Y,79.5,,,,66.6,,,,74.5,,,
E12000003,Yorkshire and The Humber,Region,2022-09-01T00:00:00/P1Y,79.3,,,,68.2,,,,75.6,,,
E06000011,East Riding of Yorkshire,County or Unitary Authority,2022-09-01T00:00:00/P1Y,83.1,,,,71.8,,,,79.6,,,
E06000011,East Riding of Yorkshire,County or Unitary Authority,2021-09-01T00:00:00/P1Y,82,,,,68.9,,,,77.8,,,
E06000010,"Kingston upon Hull, City of",County or Unitary Authority,2022-09-01T00:00:00/P1Y,77.3,,,,66.8,,,,74.9,,,
E06000010,"Kingston upon Hull, City of",County or Unitary Authority,2021-09-01T00:00:00/P1Y,76.6,,,,66.5,,,,73.4,,,
E06000012,North East Lincolnshire,County or Unitary Authority,2021-09-01T00:00:00/P1Y,78.6,,,,67.1,,,,74.8,,,
E06000012,North East Lincolnshire,County or Unitary Authority,2022-09-01T00:00:00/P1Y,80,,,,69.9,,,,75.5,,,
E06000013,North Lincolnshire,County or Unitary Authority,2021-09-01T00:00:00/P1Y,81.1,,,,67.1,,,,74.8,,,
E06000013,North Lincolnshire,County or Unitary Authority,2022-09-01T00:00:00/P1Y,79.5,,,,68.7,,,,75.5,,,
E06000014,York,County or Unitary Authority,2022-09-01T00:00:00/P1Y,80.5,,,,71.9,,,,80,,,
E06000014,York,County or Unitary Authority,2021-09-01T00:00:00/P1Y,84.2,,,,73.5,,,,80.9,,,
E10000023,North Yorkshire,County or Unitary Authority,2022-09-01T00:00:00/P1Y,83.6,,,,73,,,,81.2,,,
E10000023,North Yorkshire,County or Unitary Authority,2021-09-01T00:00:00/P1Y,83.5,,,,71.4,,,,79.6,,,
E07000163,Craven,Local Authority District,2021-09-01T00:00:00/P1Y,82.8,,,,72.1,,,,78.3,,,
E07000163,Craven,Local Authority District,2022-09-01T00:00:00/P1Y,83.4,,,,73.9,,,,81.8,,,
E07000164,Hambleton,Local Authority District,2021-09-01T00:00:00/P1Y,83.3,,,,74.3,,,,82.1,,,
E07000164,Hambleton,Local Authority District,2022-09-01T00:00:00/P1Y,84,,,,74.9,,,,82.7,,,
E07000165,Harrogate,Local Authority District,2022-09-01T00:00:00/P1Y,84,,,,74.2,,,,82.5,,,
E07000165,Harrogate,Local Authority District,2021-09-01T00:00:00/P1Y,84.5,,,,72.6,,,,81.4,,,
E07000166,Richmondshire,Local Authority District,2022-09-01T00:00:00/P1Y,88.4,,,,74.4,,,,84.8,,,
E07000166,Richmondshire,Local Authority District,2021-09-01T00:00:00/P1Y,83.2,,,,69.3,,,,80.3,,,
E07000167,Ryedale,Local Authority District,2022-09-01T00:00:00/P1Y,82.1,,,,69.7,,,,79,,,
E07000167,Ryedale,Local Authority District,2021-09-01T00:00:00/P1Y,79,,,,68.1,,,,78.1,,,
E07000168,Scarborough,Local Authority District,2022-09-01T00:00:00/P1Y,79.5,,,,68.1,,,,74.7,,,
E07000168,Scarborough,Local Authority District,2021-09-01T00:00:00/P1Y,81.1,,,,67.3,,,,76.1,,,
E07000169,Selby,Local Authority District,2021-09-01T00:00:00/P1Y,86.8,,,,73,,,,78.9,,,
E07000169,Selby,Local Authority District,2022-09-01T00:00:00/P1Y,85.1,,,,74.7,,,,83.1,,,
E08000016,Barnsley,Local Authority District,2022-09-01T00:00:00/P1Y,78.4,,,,70.2,,,,76.4,,,
E08000016,Barnsley,Local Authority District,2021-09-01T00:00:00/P1Y,78.5,,,,68.2,,,,75,,,
E08000017,Doncaster,Local Authority District,2022-09-01T00:00:00/P1Y,80.2,,,,68.5,,,,74.6,,,
E08000017,Doncaster,Local Authority District,2021-09-01T00:00:00/P1Y,80.2,,,,66.4,,,,73.4,,,
E08000018,Rotherham ,Local Authority District,2022-09-01T00:00:00/P1Y,79.3,,,,70.2,,,,76.2,,,
E08000018,Rotherham ,Local Authority District,2021-09-01T00:00:00/P1Y,78.7,,,,67.5,,,,74.2,,,
E08000019,Sheffield,Local Authority District,2022-09-01T00:00:00/P1Y,79.8,,,,67.1,,,,75,,,
E08000019,Sheffield,Local Authority District,2021-09-01T00:00:00/P1Y,80.8,,,,66.2,,,,73.9,,,
E08000032,Bradford ,Local Authority District,2021-09-01T00:00:00/P1Y,77.1,,,,63.7,,,,71,,,
E08000032,Bradford ,Local Authority District,2022-09-01T00:00:00/P1Y,76,,,,63.8,,,,70.7,,,
E08000033,Calderdale,Local Authority District,2021-09-01T00:00:00/P1Y,79.5,,,,67.4,,,,74.7,,,
E08000033,Calderdale,Local Authority District,2022-09-01T00:00:00/P1Y,80.7,,,,69,,,,76.5,,,
E08000034,Kirklees ,Local Authority District,2022-09-01T00:00:00/P1Y,77.9,,,,67.5,,,,75,,,
E08000034,Kirklees ,Local Authority District,2021-09-01T00:00:00/P1Y,77.7,,,,65.3,,,,73.2,,,
E08000035,Leeds ,Local Authority District,2022-09-01T00:00:00/P1Y,77.7,,,,65.3,,,,73.7,,,
E08000035,Leeds ,Local Authority District,2021-09-01T00:00:00/P1Y,77.7,,,,63.2,,,,72.6,,,
E08000036,Wakefield,Local Authority District,2022-09-01T00:00:00/P1Y,80.4,,,,70,,,,76.8,,,
E08000036,Wakefield,Local Authority District,2021-09-01T00:00:00/P1Y,81,,,,67.9,,,,75.7,,,
E12000004,East Midlands,Region,2021-09-01T00:00:00/P1Y,79.4,,,,67.2,,,,75.2,,,
E12000004,East Midlands,Region,2022-09-01T00:00:00/P1Y,79.3,,,,69.1,,,,76.3,,,
E06000015,Derby ,County or Unitary Authority,2021-09-01T00:00:00/P1Y,77.5,,,,65.5,,,,73.2,,,
E06000015,Derby ,County or Unitary Authority,2022-09-01T00:00:00/P1Y,76.8,,,,65.6,,,,72.2,,,
E06000016,Leicester,County or Unitary Authority,2021-09-01T00:00:00/P1Y,73.3,,,,62.8,,,,68.1,,,
E06000016,Leicester,County or Unitary Authority,2022-09-01T00:00:00/P1Y,73.9,,,,65,,,,70.7,,,
E06000061,North Northamptonshire,County or Unitary Authority,2022-09-01T00:00:00/P1Y,78.6,,,,68.5,,,,77.3,,,
E06000061,North Northamptonshire,County or Unitary Authority,2021-09-01T00:00:00/P1Y,77.9,,,,65,,,,73.9,,,
E06000018,Nottingham,County or Unitary Authority,2022-09-01T00:00:00/P1Y,76.5,,,,64.4,,,,71.4,,,
E06000018,Nottingham,County or Unitary Authority,2021-09-01T00:00:00/P1Y,75.2,,,,62,,,,70.6,,,
E06000017,Rutland ,County or Unitary Authority,2022-09-01T00:00:00/P1Y,84.7,,,,76.9,,,,82.8,,,
E06000017,Rutland ,County or Unitary Authority,2021-09-01T00:00:00/P1Y,86.2,,,,74.3,,,,82.6,,,
E06000062,West Northamptonshire,County or Unitary Authority,2022-09-01T00:00:00/P1Y,80.3,,,,71.1,,,,78.8,,,
E06000062,West Northamptonshire,County or Unitary Authority,2021-09-01T00:00:00/P1Y,79.6,,,,68.4,,,,77.8,,,
E10000007,Derbyshire,County or Unitary Authority,2022-09-01T00:00:00/P1Y,81.1,,,,69.6,,,,77.4,,,
E10000007,Derbyshire,County or Unitary Authority,2021-09-01T00:00:00/P1Y,80.7,,,,68,,,,75.8,,,
E07000032,Amber Valley,Local Authority District,2022-09-01T00:00:00/P1Y,82.1,,,,70.6,,,,78.4,,,
E07000032,Amber Valley,Local Authority District,2021-09-01T00:00:00/P1Y,80.3,,,,68.6,,,,77.1,,,
E07000033,Bolsover,Local Authority District,2021-09-01T00:00:00/P1Y,76.5,,,,61.7,,,,70.4,,,
E07000033,Bolsover,Local Authority District,2022-09-01T00:00:00/P1Y,79.7,,,,68.3,,,,75.2,,,
E07000034,Chesterfield,Local Authority District,2022-09-01T00:00:00/P1Y,76.6,,,,64.7,,,,74.3,,,
E07000034,Chesterfield,Local Authority District,2021-09-01T00:00:00/P1Y,78.9,,,,65.6,,,,73.6,,,
E07000035,Derbyshire Dales,Local Authority District,2021-09-01T00:00:00/P1Y,80.4,,,,68.5,,,,76.9,,,
E07000035,Derbyshire Dales,Local Authority District,2022-09-01T00:00:00/P1Y,83.3,,,,72.2,,,,78.7,,,
E07000036,Erewash,Local Authority District,2021-09-01T00:00:00/P1Y,79.9,,,,65.9,,,,73.1,,,
E07000036,Erewash,Local Authority District,2022-09-01T00:00:00/P1Y,81.8,,,,68.7,,,,76.1,,,
E07000037,High Peak,Local Authority District,2021-09-01T00:00:00/P1Y,81.1,,,,70.4,,,,76.4,,,
E07000037,High Peak,Local Authority District,2022-09-01T00:00:00/P1Y,82.9,,,,73,,,,80.9,,,
E07000038,North East Derbyshire,Local Authority District,2022-09-01T00:00:00/P1Y,81.6,,,,70.1,,,,79.4,,,
E07000038,North East Derbyshire,Local Authority District,2021-09-01T00:00:00/P1Y,83.5,,,,68.7,,,,76.4,,,
E07000039,South Derbyshire,Local Authority District,2022-09-01T00:00:00/P1Y,81.3,,,,70,,,,76.5,,,
E07000039,South Derbyshire,Local Authority District,2021-09-01T00:00:00/P1Y,83.3,,,,72.9,,,,80.6,,,
E10000018,Leicestershire,County or Unitary Authority,2021-09-01T00:00:00/P1Y,81.5,,,,70.8,,,,79.2,,,
E10000018,Leicestershire,County or Unitary Authority,2022-09-01T00:00:00/P1Y,81,,,,71.7,,,,78.8,,,
E07000129,Blaby,Local Authority District,2022-09-01T00:00:00/P1Y,82.6,,,,73.1,,,,82,,,
E07000129,Blaby,Local Authority District,2021-09-01T00:00:00/P1Y,82.7,,,,72.3,,,,80.7,,,
E07000130,Charnwood,Local Authority District,2022-09-01T00:00:00/P1Y,81.6,,,,71.5,,,,77.1,,,
E07000130,Charnwood,Local Authority District,2021-09-01T00:00:00/P1Y,81.9,,,,69.5,,,,78.2,,,
E07000131,Harborough,Local Authority District,2022-09-01T00:00:00/P1Y,85.1,,,,76.7,,,,81.4,,,
E07000131,Harborough,Local Authority District,2021-09-01T00:00:00/P1Y,87,,,,76.7,,,,84.5,,,
E07000132,Hinckley and Bosworth,Local Authority District,2022-09-01T00:00:00/P1Y,79.4,,,,68.4,,,,77.7,,,
E07000132,Hinckley and Bosworth,Local Authority District,2021-09-01T00:00:00/P1Y,76.8,,,,67.6,,,,77.9,,,
E07000133,Melton,Local Authority District,2021-09-01T00:00:00/P1Y,81.1,,,,70.9,,,,78.9,,,
E07000133,Melton,Local Authority District,2022-09-01T00:00:00/P1Y,79.8,,,,69.2,,,,78.1,,,
E07000134,North West Leicestershire,Local Authority District,2021-09-01T00:00:00/P1Y,80.4,,,,69.9,,,,76.7,,,
E07000134,North West Leicestershire,Local Authority District,2022-09-01T00:00:00/P1Y,78.6,,,,71.4,,,,77.7,,,
E07000135,Oadby and Wigston,Local Authority District,2022-09-01T00:00:00/P1Y,77.3,,,,70.4,,,,77.9,,,
E07000135,Oadby and Wigston,Local Authority District,2021-09-01T00:00:00/P1Y,80.1,,,,69.2,,,,76.7,,,
E10000019,Lincolnshire ,County or Unitary Authority,2022-09-01T00:00:00/P1Y,79.6,,,,70,,,,76.7,,,
E10000019,Lincolnshire ,County or Unitary Authority,2021-09-01T00:00:00/P1Y,80.1,,,,66.8,,,,74.7,,,
E07000136,Boston,Local Authority District,2022-09-01T00:00:00/P1Y,78,,,,67.4,,,,74.1,,,
E07000136,Boston,Local Authority District,2021-09-01T00:00:00/P1Y,79,,,,62.3,,,,71.9,,,
E07000137,East Lindsey,Local Authority District,2022-09-01T00:00:00/P1Y,78.6,,,,70.3,,,,75.4,,,
E07000137,East Lindsey,Local Authority District,2021-09-01T00:00:00/P1Y,78.1,,,,63.3,,,,71,,,
E07000138,Lincoln,Local Authority District,2022-09-01T00:00:00/P1Y,76.2,,,,65.4,,,,72,,,
E07000138,Lincoln,Local Authority District,2021-09-01T00:00:00/P1Y,74.7,,,,60.7,,,,69.3,,,
E07000139,North Kesteven,Local Authority District,2022-09-01T00:00:00/P1Y,83.7,,,,73.9,,,,80.9,,,
E07000139,North Kesteven,Local Authority District,2021-09-01T00:00:00/P1Y,84.1,,,,73.8,,,,81.1,,,
E07000140,South Holland,Local Authority District,2021-09-01T00:00:00/P1Y,77.7,,,,63.8,,,,73.2,,,
E07000140,South Holland,Local Authority District,2022-09-01T00:00:00/P1Y,77.4,,,,69.8,,,,75.9,,,
E07000141,South Kesteven,Local Authority District,2021-09-01T00:00:00/P1Y,85.1,,,,72.7,,,,79,,,
E07000141,South Kesteven,Local Authority District,2022-09-01T00:00:00/P1Y,81.6,,,,71.8,,,,80.2,,,
E07000142,West Lindsey,Local Authority District,2021-09-01T00:00:00/P1Y,79.1,,,,66.6,,,,73.8,,,
E07000142,West Lindsey,Local Authority District,2022-09-01T00:00:00/P1Y,79.6,,,,69.4,,,,75.6,,,
E10000024,Nottinghamshire,County or Unitary Authority,2022-09-01T00:00:00/P1Y,80.4,,,,69.7,,,,77,,,
E10000024,Nottinghamshire,County or Unitary Authority,2021-09-01T00:00:00/P1Y,81.5,,,,68.9,,,,76.5,,,
E07000170,Ashfield,Local Authority District,2022-09-01T00:00:00/P1Y,75.4,,,,62.6,,,,69.1,,,
E07000170,Ashfield,Local Authority District,2021-09-01T00:00:00/P1Y,79.3,,,,66,,,,71.8,,,
E07000171,Bassetlaw,Local Authority District,2021-09-01T00:00:00/P1Y,78.6,,,,67.4,,,,72.6,,,
E07000171,Bassetlaw,Local Authority District,2022-09-01T00:00:00/P1Y,80.9,,,,70.7,,,,75.5,,,
E07000172,Broxtowe,Local Authority District,2022-09-01T00:00:00/P1Y,79,,,,68.7,,,,76.1,,,
E07000172,Broxtowe,Local Authority District,2021-09-01T00:00:00/P1Y,83.3,,,,70.5,,,,79.3,,,
E07000173,Gedling,Local Authority District,2022-09-01T00:00:00/P1Y,83.4,,,,73.5,,,,81.5,,,
E07000173,Gedling,Local Authority District,2021-09-01T00:00:00/P1Y,84.3,,,,72,,,,79.9,,,
E07000174,Mansfield,Local Authority District,2022-09-01T00:00:00/P1Y,75.3,,,,64.5,,,,73.2,,,
E07000174,Mansfield,Local Authority District,2021-09-01T00:00:00/P1Y,76.8,,,,63.5,,,,73.3,,,
E07000175,Newark and Sherwood,Local Authority District,2022-09-01T00:00:00/P1Y,80.4,,,,70.3,,,,79.4,,,
E07000175,Newark and Sherwood,Local Authority District,2021-09-01T00:00:00/P1Y,81.9,,,,68.6,,,,77,,,
E07000176,Rushcliffe,Local Authority District,2022-09-01T00:00:00/P1Y,87.8,,,,77.9,,,,84.5,,,
E07000176,Rushcliffe,Local Authority District,2021-09-01T00:00:00/P1Y,87.1,,,,74.5,,,,82.2,,,
E12000005,West Midlands,Region,2022-09-01T00:00:00/P1Y,78.1,,,,68.2,,,,75.1,,,
E12000005,West Midlands,Region,2021-09-01T00:00:00/P1Y,77.6,,,,66.3,,,,73.5,,,
E06000019,"Herefordshire, County of",County or Unitary Authority,2021-09-01T00:00:00/P1Y,84,,,,74.7,,,,80.2,,,
E06000019,"Herefordshire, County of",County or Unitary Authority,2022-09-01T00:00:00/P1Y,82.2,,,,74.1,,,,80.6,,,
E06000051,Shropshire,County or Unitary Authority,2021-09-01T00:00:00/P1Y,83.2,,,,68.3,,,,77.6,,,
E06000051,Shropshire,County or Unitary Authority,2022-09-01T00:00:00/P1Y,83.3,,,,70.7,,,,80.3,,,
E06000021,Stoke-on-Trent,County or Unitary Authority,2021-09-01T00:00:00/P1Y,74.9,,,,62.4,,,,69.8,,,
E06000021,Stoke-on-Trent,County or Unitary Authority,2022-09-01T00:00:00/P1Y,74.2,,,,63.5,,,,69.4,,,
E06000020,Telford and Wrekin,County or Unitary Authority,2021-09-01T00:00:00/P1Y,77,,,,67.9,,,,73.5,,,
E06000020,Telford and Wrekin,County or Unitary Authority,2022-09-01T00:00:00/P1Y,79.3,,,,70.3,,,,77.2,,,
E10000028,Staffordshire,County or Unitary Authority,2022-09-01T00:00:00/P1Y,81.6,,,,71.4,,,,78.7,,,
E10000028,Staffordshire,County or Unitary Authority,2021-09-01T00:00:00/P1Y,82,,,,70.4,,,,77.9,,,
E07000192,Cannock Chase,Local Authority District,2021-09-01T00:00:00/P1Y,79,,,,67.9,,,,77.9,,,
E07000192,Cannock Chase,Local Authority District,2022-09-01T00:00:00/P1Y,79.6,,,,68.2,,,,78,,,
E07000193,East Staffordshire,Local Authority District,2022-09-01T00:00:00/P1Y,77.7,,,,69.6,,,,75.8,,,
E07000193,East Staffordshire,Local Authority District,2021-09-01T00:00:00/P1Y,79.9,,,,70,,,,76.1,,,
E07000194,Lichfield,Local Authority District,2021-09-01T00:00:00/P1Y,83.1,,,,71.5,,,,79.9,,,
E07000194,Lichfield,Local Authority District,2022-09-01T00:00:00/P1Y,84.4,,,,76.1,,,,82.9,,,
E07000195,Newcastle-under-Lyme,Local Authority District,2021-09-01T00:00:00/P1Y,78.5,,,,66.2,,,,75.3,,,
E07000195,Newcastle-under-Lyme,Local Authority District,2022-09-01T00:00:00/P1Y,82.2,,,,70.4,,,,78.6,,,
E07000196,South Staffordshire,Local Authority District,2022-09-01T00:00:00/P1Y,83.6,,,,74.5,,,,80.8,,,
E07000196,South Staffordshire,Local Authority District,2021-09-01T00:00:00/P1Y,85.1,,,,71.8,,,,78.5,,,
E07000197,Stafford,Local Authority District,2022-09-01T00:00:00/P1Y,83.8,,,,72.5,,,,78.9,,,
E07000197,Stafford,Local Authority District,2021-09-01T00:00:00/P1Y,84,,,,73.8,,,,80.3,,,
E07000198,Staffordshire Moorlands,Local Authority District,2021-09-01T00:00:00/P1Y,86.1,,,,73.5,,,,80.5,,,
E07000198,Staffordshire Moorlands,Local Authority District,2022-09-01T00:00:00/P1Y,83.7,,,,72.3,,,,79.4,,,
E07000199,Tamworth,Local Authority District,2022-09-01T00:00:00/P1Y,77.3,,,,65.8,,,,74,,,
E07000199,Tamworth,Local Authority District,2021-09-01T00:00:00/P1Y,81.3,,,,69,,,,75.8,,,
E10000031,Warwickshire,County or Unitary Authority,2022-09-01T00:00:00/P1Y,81,,,,71.4,,,,79.2,,,
E10000031,Warwickshire,County or Unitary Authority,2021-09-01T00:00:00/P1Y,79.7,,,,69.1,,,,77.3,,,
E07000218,North Warwickshire,Local Authority District,2022-09-01T00:00:00/P1Y,80,,,,69.6,,,,77.9,,,
E07000218,North Warwickshire,Local Authority District,2021-09-01T00:00:00/P1Y,79.8,,,,66.5,,,,73.8,,,
E07000219,Nuneaton and Bedworth,Local Authority District,2022-09-01T00:00:00/P1Y,77.4,,,,67.5,,,,76.5,,,
E07000219,Nuneaton and Bedworth,Local Authority District,2021-09-01T00:00:00/P1Y,74.9,,,,66.3,,,,74.5,,,
E07000220,Rugby,Local Authority District,2021-09-01T00:00:00/P1Y,80.4,,,,69.9,,,,77.7,,,
E07000220,Rugby,Local Authority District,2022-09-01T00:00:00/P1Y,78.8,,,,69.1,,,,77.1,,,
E07000221,Stratford-on-Avon,Local Authority District,2022-09-01T00:00:00/P1Y,85.2,,,,76.5,,,,83.5,,,
E07000221,Stratford-on-Avon,Local Authority District,2021-09-01T00:00:00/P1Y,82.2,,,,71.7,,,,80.3,,,
E07000222,Warwick,Local Authority District,2022-09-01T00:00:00/P1Y,83.5,,,,73.9,,,,80.8,,,
E07000222,Warwick,Local Authority District,2021-09-01T00:00:00/P1Y,81.3,,,,70,,,,78.6,,,
E08000025,Birmingham,Local Authority District,2022-09-01T00:00:00/P1Y,75.8,,,,67,,,,72.6,,,
E08000025,Birmingham,Local Authority District,2021-09-01T00:00:00/P1Y,75.4,,,,65.1,,,,70.9,,,
E08000026,Coventry,Local Authority District,2022-09-01T00:00:00/P1Y,76.1,,,,65.9,,,,73.3,,,
E08000026,Coventry,Local Authority District,2021-09-01T00:00:00/P1Y,74.3,,,,63.8,,,,72.2,,,
E08000027,Dudley ,Local Authority District,2022-09-01T00:00:00/P1Y,75.8,,,,65.5,,,,73,,,
E08000027,Dudley ,Local Authority District,2021-09-01T00:00:00/P1Y,76.7,,,,65.7,,,,73.7,,,
E08000028,Sandwell ,Local Authority District,2022-09-01T00:00:00/P1Y,75.2,,,,62.3,,,,68.6,,,
E08000028,Sandwell ,Local Authority District,2021-09-01T00:00:00/P1Y,74.1,,,,60.7,,,,68.3,,,
E08000029,Solihull,Local Authority District,2021-09-01T00:00:00/P1Y,81.6,,,,70.5,,,,77.1,,,
E08000029,Solihull,Local Authority District,2022-09-01T00:00:00/P1Y,82.5,,,,72.7,,,,79.6,,,
E08000030,Walsall,Local Authority District,2022-09-01T00:00:00/P1Y,74.3,,,,65.1,,,,71.5,,,
E08000030,Walsall,Local Authority District,2021-09-01T00:00:00/P1Y,73.1,,,,61,,,,67.3,,,
E08000031,Wolverhampton,Local Authority District,2022-09-01T00:00:00/P1Y,74.3,,,,65,,,,71.8,,,
E08000031,Wolverhampton,Local Authority District,2021-09-01T00:00:00/P1Y,73.1,,,,63.6,,,,69.5,,,
E10000034,Worcestershire,County or Unitary Authority,2022-09-01T00:00:00/P1Y,80,,,,70.8,,,,78.5,,,
E10000034,Worcestershire,County or Unitary Authority,2021-09-01T00:00:00/P1Y,80.1,,,,68.2,,,,77.1,,,
E07000234,Bromsgrove,Local Authority District,2021-09-01T00:00:00/P1Y,80.7,,,,70.7,,,,78.8,,,
E07000234,Bromsgrove,Local Authority District,2022-09-01T00:00:00/P1Y,81,,,,73.8,,,,80.6,,,
E07000235,Malvern Hills,Local Authority District,2021-09-01T00:00:00/P1Y,80.3,,,,69.3,,,,79.9,,,
E07000235,Malvern Hills,Local Authority District,2022-09-01T00:00:00/P1Y,84.4,,,,76.5,,,,82.6,,,
E07000236,Redditch,Local Authority District,2021-09-01T00:00:00/P1Y,78.2,,,,66.4,,,,74.2,,,
E07000236,Redditch,Local Authority District,2022-09-01T00:00:00/P1Y,82.5,,,,71.8,,,,79.7,,,
E07000237,Worcester,Local Authority District,2022-09-01T00:00:00/P1Y,75.7,,,,66.5,,,,74.1,,,
E07000237,Worcester,Local Authority District,2021-09-01T00:00:00/P1Y,78.2,,,,69.8,,,,75.8,,,
E07000238,Wychavon,Local Authority District,2022-09-01T00:00:00/P1Y,79.4,,,,71.3,,,,79.6,,,
E07000238,Wychavon,Local Authority District,2021-09-01T00:00:00/P1Y,83.5,,,,69.7,,,,80.7,,,
E07000239,Wyre Forest,Local Authority District,2022-09-01T00:00:00/P1Y,79.4,,,,66.9,,,,75.8,,,
E07000239,Wyre Forest,Local Authority District,2021-09-01T00:00:00/P1Y,78.5,,,,62.4,,,,72.2,,,
E12000006,East of England,Region,2022-09-01T00:00:00/P1Y,80.5,,,,70,,,,77.9,,,
E12000006,East of England,Region,2021-09-01T00:00:00/P1Y,80.1,,,,67.8,,,,76.4,,,
E06000055,Bedford,County or Unitary Authority,2021-09-01T00:00:00/P1Y,79.4,,,,66.2,,,,75.5,,,
E06000055,Bedford,County or Unitary Authority,2022-09-01T00:00:00/P1Y,79.1,,,,69.4,,,,76.5,,,
E06000056,Central Bedfordshire,County or Unitary Authority,2021-09-01T00:00:00/P1Y,82.3,,,,69.4,,,,79.1,,,
E06000056,Central Bedfordshire,County or Unitary Authority,2022-09-01T00:00:00/P1Y,82.7,,,,70.8,,,,79.4,,,
E06000032,Luton,County or Unitary Authority,2021-09-01T00:00:00/P1Y,72.5,,,,58.8,,,,67.6,,,
E06000032,Luton,County or Unitary Authority,2022-09-01T00:00:00/P1Y,74.7,,,,63,,,,71.1,,,
E06000031,Peterborough,County or Unitary Authority,2022-09-01T00:00:00/P1Y,76.5,,,,65.5,,,,72.5,,,
E06000031,Peterborough,County or Unitary Authority,2021-09-01T00:00:00/P1Y,76.8,,,,63,,,,71.2,,,
E06000033,Southend-on-Sea,County or Unitary Authority,2022-09-01T00:00:00/P1Y,81.7,,,,68.8,,,,78.1,,,
E06000033,Southend-on-Sea,County or Unitary Authority,2021-09-01T00:00:00/P1Y,81.9,,,,68.1,,,,76.6,,,
E06000034,Thurrock,County or Unitary Authority,2021-09-01T00:00:00/P1Y,80.1,,,,70,,,,77,,,
E06000034,Thurrock,County or Unitary Authority,2022-09-01T00:00:00/P1Y,82.1,,,,72.5,,,,80.2,,,
E10000003,Cambridgeshire,County or Unitary Authority,2022-09-01T00:00:00/P1Y,80,,,,68.9,,,,78.6,,,
E10000003,Cambridgeshire,County or Unitary Authority,2021-09-01T00:00:00/P1Y,80.5,,,,69.3,,,,78,,,
E07000008,Cambridge,Local Authority District,2021-09-01T00:00:00/P1Y,78.7,,,,69.8,,,,78.5,,,
E07000008,Cambridge,Local Authority District,2022-09-01T00:00:00/P1Y,80.4,,,,70.2,,,,80.1,,,
E07000009,East Cambridgeshire,Local Authority District,2022-09-01T00:00:00/P1Y,80.9,,,,69.8,,,,80.5,,,
E07000009,East Cambridgeshire,Local Authority District,2021-09-01T00:00:00/P1Y,79.8,,,,68.3,,,,79.4,,,
E07000010,Fenland,Local Authority District,2022-09-01T00:00:00/P1Y,76.4,,,,65.7,,,,73.2,,,
E07000010,Fenland,Local Authority District,2021-09-01T00:00:00/P1Y,76,,,,65.1,,,,72.7,,,
E07000011,Huntingdonshire,Local Authority District,2021-09-01T00:00:00/P1Y,80.2,,,,67.7,,,,75.7,,,
E07000011,Huntingdonshire,Local Authority District,2022-09-01T00:00:00/P1Y,80.2,,,,68.6,,,,78.7,,,
E07000012,South Cambridgeshire,Local Authority District,2022-09-01T00:00:00/P1Y,81.1,,,,69.9,,,,79.8,,,
E07000012,South Cambridgeshire,Local Authority District,2021-09-01T00:00:00/P1Y,84.9,,,,73.4,,,,82.4,,,
E10000012,Essex,County or Unitary Authority,2022-09-01T00:00:00/P1Y,80.8,,,,71.5,,,,78.8,,,
E10000012,Essex,County or Unitary Authority,2021-09-01T00:00:00/P1Y,80.3,,,,69.8,,,,77.2,,,
E07000066,Basildon,Local Authority District,2022-09-01T00:00:00/P1Y,79.3,,,,69.6,,,,77.2,,,
E07000066,Basildon,Local Authority District,2021-09-01T00:00:00/P1Y,76.6,,,,65.9,,,,72.8,,,
E07000067,Braintree,Local Authority District,2022-09-01T00:00:00/P1Y,79.8,,,,72.7,,,,79.1,,,
E07000067,Braintree,Local Authority District,2021-09-01T00:00:00/P1Y,78.8,,,,70.3,,,,78.6,,,
E07000068,Brentwood,Local Authority District,2022-09-01T00:00:00/P1Y,81,,,,70.3,,,,79.2,,,
E07000068,Brentwood,Local Authority District,2021-09-01T00:00:00/P1Y,83,,,,73.8,,,,81.7,,,
E07000069,Castle Point,Local Authority District,2021-09-01T00:00:00/P1Y,75.3,,,,61.1,,,,68.7,,,
E07000069,Castle Point,Local Authority District,2022-09-01T00:00:00/P1Y,80.2,,,,68.2,,,,75.1,,,
E07000070,Chelmsford,Local Authority District,2021-09-01T00:00:00/P1Y,81.5,,,,72.6,,,,80.4,,,
E07000070,Chelmsford,Local Authority District,2022-09-01T00:00:00/P1Y,80.6,,,,72.4,,,,80,,,
E07000071,Colchester,Local Authority District,2021-09-01T00:00:00/P1Y,82.2,,,,70.9,,,,78.2,,,
E07000071,Colchester,Local Authority District,2022-09-01T00:00:00/P1Y,79.5,,,,70.5,,,,78.9,,,
E07000072,Epping Forest,Local Authority District,2022-09-01T00:00:00/P1Y,83.3,,,,73,,,,79.2,,,
E07000072,Epping Forest,Local Authority District,2021-09-01T00:00:00/P1Y,80.2,,,,69.1,,,,77.5,,,
E07000073,Harlow,Local Authority District,2021-09-01T00:00:00/P1Y,78.1,,,,67.3,,,,75.1,,,
E07000073,Harlow,Local Authority District,2022-09-01T00:00:00/P1Y,79.6,,,,67.5,,,,76.1,,,
E07000074,Maldon,Local Authority District,2021-09-01T00:00:00/P1Y,82.6,,,,74,,,,81.4,,,
E07000074,Maldon,Local Authority District,2022-09-01T00:00:00/P1Y,79.9,,,,71.7,,,,80.1,,,
E07000075,Rochford,Local Authority District,2022-09-01T00:00:00/P1Y,85.3,,,,77.2,,,,82.5,,,
E07000075,Rochford,Local Authority District,2021-09-01T00:00:00/P1Y,83.7,,,,73.2,,,,80.5,,,
E07000076,Tendring,Local Authority District,2022-09-01T00:00:00/P1Y,80.9,,,,72,,,,76.3,,,
E07000076,Tendring,Local Authority District,2021-09-01T00:00:00/P1Y,81.7,,,,68.4,,,,74.1,,,
E07000077,Uttlesford,Local Authority District,2021-09-01T00:00:00/P1Y,84.7,,,,75.6,,,,82.3,,,
E07000077,Uttlesford,Local Authority District,2022-09-01T00:00:00/P1Y,83.9,,,,75.2,,,,83.8,,,
E10000015,Hertfordshire ,County or Unitary Authority,2022-09-01T00:00:00/P1Y,81.2,,,,70.7,,,,78.7,,,
E10000015,Hertfordshire ,County or Unitary Authority,2021-09-01T00:00:00/P1Y,81,,,,67.9,,,,77.4,,,
E07000095,Broxbourne,Local Authority District,2022-09-01T00:00:00/P1Y,79.3,,,,68.7,,,,78.1,,,
E07000095,Broxbourne,Local Authority District,2021-09-01T00:00:00/P1Y,76.6,,,,63.9,,,,75.4,,,
E07000096,Dacorum,Local Authority District,2022-09-01T00:00:00/P1Y,78.5,,,,67.1,,,,75.1,,,
E07000096,Dacorum,Local Authority District,2021-09-01T00:00:00/P1Y,80.8,,,,66.9,,,,74.2,,,
E07000242,East Hertfordshire,Local Authority District,2021-09-01T00:00:00/P1Y,82.1,,,,68.9,,,,78.4,,,
E07000242,East Hertfordshire,Local Authority District,2022-09-01T00:00:00/P1Y,81.9,,,,70.4,,,,79.4,,,
E07000098,Hertsmere,Local Authority District,2021-09-01T00:00:00/P1Y,83.8,,,,68.3,,,,78.9,,,
E07000098,Hertsmere,Local Authority District,2022-09-01T00:00:00/P1Y,82.7,,,,72.4,,,,77.8,,,
E07000099,North Hertfordshire,Local Authority District,2021-09-01T00:00:00/P1Y,83.4,,,,69.1,,,,80.2,,,
E07000099,North Hertfordshire,Local Authority District,2022-09-01T00:00:00/P1Y,82.8,,,,71.8,,,,80.6,,,
E07000240,St Albans,Local Authority District,2022-09-01T00:00:00/P1Y,86,,,,76.5,,,,83.7,,,
E07000240,St Albans,Local Authority District,2021-09-01T00:00:00/P1Y,83.8,,,,71.9,,,,81.5,,,
E07000243,Stevenage,Local Authority District,2021-09-01T00:00:00/P1Y,73.7,,,,64.8,,,,73,,,
E07000243,Stevenage,Local Authority District,2022-09-01T00:00:00/P1Y,73.5,,,,66,,,,73.5,,,
E07000102,Three Rivers,Local Authority District,2022-09-01T00:00:00/P1Y,85.1,,,,76.2,,,,83.9,,,
E07000102,Three Rivers,Local Authority District,2021-09-01T00:00:00/P1Y,83.8,,,,71.4,,,,78.7,,,
E07000103,Watford,Local Authority District,2022-09-01T00:00:00/P1Y,78.6,,,,67.4,,,,73.7,,,
E07000103,Watford,Local Authority District,2021-09-01T00:00:00/P1Y,76.3,,,,63.6,,,,73.6,,,
E07000241,Welwyn Hatfield,Local Authority District,2021-09-01T00:00:00/P1Y,82.7,,,,68.4,,,,77.9,,,
E07000241,Welwyn Hatfield,Local Authority District,2022-09-01T00:00:00/P1Y,82.1,,,,71.4,,,,80.7,,,
E10000020,Norfolk ,County or Unitary Authority,2022-09-01T00:00:00/P1Y,81.7,,,,70.4,,,,78,,,
E10000020,Norfolk ,County or Unitary Authority,2021-09-01T00:00:00/P1Y,80.8,,,,68.4,,,,76.7,,,
E07000143,Breckland,Local Authority District,2022-09-01T00:00:00/P1Y,79.9,,,,70.3,,,,78.4,,,
E07000143,Breckland,Local Authority District,2021-09-01T00:00:00/P1Y,76.5,,,,67.9,,,,75.9,,,
E07000144,Broadland,Local Authority District,2021-09-01T00:00:00/P1Y,86.4,,,,74.1,,,,82.6,,,
E07000144,Broadland,Local Authority District,2022-09-01T00:00:00/P1Y,85,,,,75.3,,,,81.8,,,
E07000145,Great Yarmouth,Local Authority District,2021-09-01T00:00:00/P1Y,79.9,,,,68.2,,,,74.8,,,
E07000145,Great Yarmouth,Local Authority District,2022-09-01T00:00:00/P1Y,78.1,,,,67.2,,,,74.8,,,
E07000146,King's Lynn and West Norfolk,Local Authority District,2021-09-01T00:00:00/P1Y,81.4,,,,68.1,,,,76.1,,,
E07000146,King's Lynn and West Norfolk,Local Authority District,2022-09-01T00:00:00/P1Y,83.3,,,,69.4,,,,77.4,,,
E07000147,North Norfolk,Local Authority District,2021-09-01T00:00:00/P1Y,77.8,,,,64.5,,,,73.8,,,
E07000147,North Norfolk,Local Authority District,2022-09-01T00:00:00/P1Y,80,,,,69.4,,,,77,,,
E07000148,Norwich,Local Authority District,2021-09-01T00:00:00/P1Y,78.4,,,,65.2,,,,74.2,,,
E07000148,Norwich,Local Authority District,2022-09-01T00:00:00/P1Y,78.4,,,,68.5,,,,75,,,
E07000149,South Norfolk,Local Authority District,2022-09-01T00:00:00/P1Y,84.9,,,,71.3,,,,80.1,,,
E07000149,South Norfolk,Local Authority District,2021-09-01T00:00:00/P1Y,83.1,,,,69.3,,,,77.4,,,
E10000029,Suffolk,County or Unitary Authority,2022-09-01T00:00:00/P1Y,80.4,,,,69.4,,,,77.2,,,
E10000029,Suffolk,County or Unitary Authority,2021-09-01T00:00:00/P1Y,80.1,,,,65.9,,,,75.3,,,
E07000200,Babergh,Local Authority District,2021-09-01T00:00:00/P1Y,80.7,,,,67.7,,,,78.1,,,
E07000200,Babergh,Local Authority District,2022-09-01T00:00:00/P1Y,81.6,,,,71.9,,,,81.4,,,
E07000244,East Suffolk,Local Authority District,2021-09-01T00:00:00/P1Y,80.4,,,,66.1,,,,75,,,
E07000244,East Suffolk,Local Authority District,2022-09-01T00:00:00/P1Y,82.2,,,,71.8,,,,78.2,,,
E07000202,Ipswich,Local Authority District,2021-09-01T00:00:00/P1Y,76.9,,,,64.2,,,,71.2,,,
E07000202,Ipswich,Local Authority District,2022-09-01T00:00:00/P1Y,77.7,,,,66,,,,73.5,,,
E07000203,Mid Suffolk,Local Authority District,2021-09-01T00:00:00/P1Y,82.8,,,,70.4,,,,79.8,,,
E07000203,Mid Suffolk,Local Authority District,2022-09-01T00:00:00/P1Y,82.4,,,,74.3,,,,81.1,,,
E07000245,West Suffolk,Local Authority District,2021-09-01T00:00:00/P1Y,80.6,,,,64,,,,75.5,,,
E07000245,West Suffolk,Local Authority District,2022-09-01T00:00:00/P1Y,78.9,,,,65.5,,,,75.3,,,
E12000007,London,Region,2022-09-01T00:00:00/P1Y,79.2,,,,71.4,,,,78,,,
E12000007,London,Region,2021-09-01T00:00:00/P1Y,79.1,,,,70.4,,,,77.2,,,
E13000001,Inner London,County or Unitary Authority,2021-09-01T00:00:00/P1Y,78.4,,,,70.5,,,,77.2,,,
E13000001,Inner London,County or Unitary Authority,2022-09-01T00:00:00/P1Y,78.6,,,,71.8,,,,78.1,,,
E09000007,Camden,Local Authority District,2021-09-01T00:00:00/P1Y,78.6,,,,68.6,,,,78.6,,,
E09000007,Camden,Local Authority District,2022-09-01T00:00:00/P1Y,79.7,,,,69.8,,,,77.6,,,
E09000001,City of London,Local Authority District,2021-09-01T00:00:00/P1Y,89.2,,,,75.7,,,,86.5,,,
E09000001,City of London,Local Authority District,2022-09-01T00:00:00/P1Y,87.7,,,,84.2,,,,87.7,,,
E09000012,Hackney,Local Authority District,2021-09-01T00:00:00/P1Y,78.7,,,,72.6,,,,78.7,,,
E09000012,Hackney,Local Authority District,2022-09-01T00:00:00/P1Y,79.2,,,,73.9,,,,79.1,,,
E09000013,Hammersmith and Fulham ,Local Authority District,2021-09-01T00:00:00/P1Y,79.1,,,,69.7,,,,76.6,,,
E09000013,Hammersmith and Fulham ,Local Authority District,2022-09-01T00:00:00/P1Y,77.4,,,,71.7,,,,78.3,,,
E09000014,Haringey,Local Authority District,2021-09-01T00:00:00/P1Y,79.7,,,,73,,,,78,,,
E09000014,Haringey,Local Authority District,2022-09-01T00:00:00/P1Y,81.2,,,,75.4,,,,80.5,,,
E09000019,Islington,Local Authority District,2021-09-01T00:00:00/P1Y,77.3,,,,66.5,,,,75.6,,,
E09000019,Islington,Local Authority District,2022-09-01T00:00:00/P1Y,79.4,,,,68.6,,,,75.4,,,
E09000020,Kensington and Chelsea,Local Authority District,2022-09-01T00:00:00/P1Y,78.6,,,,73.7,,,,78.8,,,
E09000020,Kensington and Chelsea,Local Authority District,2021-09-01T00:00:00/P1Y,77.8,,,,70.7,,,,77.1,,,
E09000022,Lambeth ,Local Authority District,2021-09-01T00:00:00/P1Y,77.6,,,,69.5,,,,77.4,,,
E09000022,Lambeth ,Local Authority District,2022-09-01T00:00:00/P1Y,77.5,,,,69.9,,,,77.5,,,
E09000023,Lewisham ,Local Authority District,2022-09-01T00:00:00/P1Y,80.7,,,,72.2,,,,79.3,,,
E09000023,Lewisham ,Local Authority District,2021-09-01T00:00:00/P1Y,81.3,,,,72.8,,,,79.7,,,
E09000025,Newham ,Local Authority District,2022-09-01T00:00:00/P1Y,77.8,,,,72.3,,,,77,,,
E09000025,Newham ,Local Authority District,2021-09-01T00:00:00/P1Y,77.8,,,,70.7,,,,76,,,
E09000028,Southwark,Local Authority District,2022-09-01T00:00:00/P1Y,78.1,,,,71.8,,,,78.3,,,
E09000028,Southwark,Local Authority District,2021-09-01T00:00:00/P1Y,78.2,,,,71.2,,,,77.3,,,
E09000030,Tower Hamlets,Local Authority District,2022-09-01T00:00:00/P1Y,75.3,,,,67.7,,,,74,,,
E09000030,Tower Hamlets,Local Authority District,2021-09-01T00:00:00/P1Y,73.2,,,,63.9,,,,71.7,,,
E09000032,Wandsworth,Local Authority District,2022-09-01T00:00:00/P1Y,80.9,,,,75.9,,,,82.7,,,
E09000032,Wandsworth,Local Authority District,2021-09-01T00:00:00/P1Y,82.2,,,,75.5,,,,81.3,,,
E09000033,Westminster,Local Authority District,2022-09-01T00:00:00/P1Y,76.1,,,,68.6,,,,77,,,
E09000033,Westminster,Local Authority District,2021-09-01T00:00:00/P1Y,77.8,,,,69.9,,,,77.4,,,
E13000002,Outer London,County or Unitary Authority,2021-09-01T00:00:00/P1Y,79.5,,,,70.4,,,,77.2,,,
E13000002,Outer London,County or Unitary Authority,2022-09-01T00:00:00/P1Y,79.4,,,,71.2,,,,77.9,,,
E09000002,Barking and Dagenham,Local Authority District,2022-09-01T00:00:00/P1Y,74.4,,,,66.9,,,,73.1,,,
E09000002,Barking and Dagenham,Local Authority District,2021-09-01T00:00:00/P1Y,75.6,,,,64.6,,,,70.6,,,
E09000003,Barnet,Local Authority District,2022-09-01T00:00:00/P1Y,81.6,,,,72.4,,,,79.5,,,
E09000003,Barnet,Local Authority District,2021-09-01T00:00:00/P1Y,78.7,,,,67.5,,,,76.7,,,
E09000004,Bexley,Local Authority District,2022-09-01T00:00:00/P1Y,80.9,,,,74.2,,,,79.5,,,
E09000004,Bexley,Local Authority District,2021-09-01T00:00:00/P1Y,80.3,,,,72.6,,,,77.9,,,
E09000005,Brent ,Local Authority District,2022-09-01T00:00:00/P1Y,75.1,,,,68.7,,,,74.7,,,
E09000005,Brent ,Local Authority District,2021-09-01T00:00:00/P1Y,75.7,,,,68.9,,,,75.5,,,
E09000006,Bromley,Local Authority District,2022-09-01T00:00:00/P1Y,82.7,,,,75.3,,,,81.6,,,
E09000006,Bromley,Local Authority District,2021-09-01T00:00:00/P1Y,83.2,,,,74.6,,,,81.6,,,
E09000008,Croydon,Local Authority District,2021-09-01T00:00:00/P1Y,78.6,,,,69.9,,,,77.9,,,
E09000008,Croydon,Local Authority District,2022-09-01T00:00:00/P1Y,78.9,,,,71.2,,,,78.4,,,
E09000009,Ealing,Local Authority District,2022-09-01T00:00:00/P1Y,77.2,,,,71,,,,77.4,,,
E09000009,Ealing,Local Authority District,2021-09-01T00:00:00/P1Y,77.3,,,,70.2,,,,76.7,,,
E09000010,Enfield,Local Authority District,2022-09-01T00:00:00/P1Y,75,,,,67,,,,73.7,,,
E09000010,Enfield,Local Authority District,2021-09-01T00:00:00/P1Y,76,,,,67.1,,,,73.4,,,
E09000011,Greenwich,Local Authority District,2022-09-01T00:00:00/P1Y,78.7,,,,71.6,,,,77.5,,,
E09000011,Greenwich,Local Authority District,2021-09-01T00:00:00/P1Y,78.8,,,,70.9,,,,76.5,,,
E09000015,Harrow,Local Authority District,2022-09-01T00:00:00/P1Y,77.4,,,,70,,,,77.4,,,
E09000015,Harrow,Local Authority District,2021-09-01T00:00:00/P1Y,79.5,,,,72.7,,,,78.2,,,
E09000016,Havering,Local Authority District,2021-09-01T00:00:00/P1Y,79.7,,,,66.7,,,,74.7,,,
E09000016,Havering,Local Authority District,2022-09-01T00:00:00/P1Y,79.1,,,,67.1,,,,75.1,,,
E09000017,Hillingdon,Local Authority District,2021-09-01T00:00:00/P1Y,77,,,,65.9,,,,74.1,,,
E09000017,Hillingdon,Local Authority District,2022-09-01T00:00:00/P1Y,80.2,,,,71.1,,,,77.2,,,
E09000018,Hounslow,Local Authority District,2021-09-01T00:00:00/P1Y,77.3,,,,68.9,,,,75.2,,,
E09000018,Hounslow,Local Authority District,2022-09-01T00:00:00/P1Y,77,,,,68.5,,,,75.7,,,
E09000021,Kingston upon Thames,Local Authority District,2022-09-01T00:00:00/P1Y,86.2,,,,75,,,,83.4,,,
E09000021,Kingston upon Thames,Local Authority District,2021-09-01T00:00:00/P1Y,87.1,,,,73.8,,,,83.4,,,
E09000024,Merton,Local Authority District,2021-09-01T00:00:00/P1Y,82,,,,72.1,,,,80.2,,,
E09000024,Merton,Local Authority District,2022-09-01T00:00:00/P1Y,79.6,,,,71.2,,,,78.6,,,
E09000026,Redbridge,Local Authority District,2021-09-01T00:00:00/P1Y,78.4,,,,70.9,,,,76.2,,,
E09000026,Redbridge,Local Authority District,2022-09-01T00:00:00/P1Y,79.7,,,,71.9,,,,76.9,,,
E09000027,Richmond upon Thames,Local Authority District,2021-09-01T00:00:00/P1Y,90,,,,77.6,,,,86.2,,,
E09000027,Richmond upon Thames,Local Authority District,2022-09-01T00:00:00/P1Y,88.7,,,,78.1,,,,87.1,,,
E09000029,Sutton,Local Authority District,2021-09-01T00:00:00/P1Y,84,,,,72.7,,,,80.2,,,
E09000029,Sutton,Local Authority District,2022-09-01T00:00:00/P1Y,82,,,,71.2,,,,79.3,,,
E09000031,Waltham Forest,Local Authority District,2021-09-01T00:00:00/P1Y,81.2,,,,75,,,,79.5,,,
E09000031,Waltham Forest,Local Authority District,2022-09-01T00:00:00/P1Y,82.8,,,,76.4,,,,81.4,,,
E12000008,South East,Region,2021-09-01T00:00:00/P1Y,82.4,,,,70.6,,,,79,,,
E12000008,South East,Region,2022-09-01T00:00:00/P1Y,82.8,,,,72.4,,,,80.4,,,
E06000036,Bracknell Forest,County or Unitary Authority,2022-09-01T00:00:00/P1Y,80.6,,,,72.9,,,,80.9,,,
E06000036,Bracknell Forest,County or Unitary Authority,2021-09-01T00:00:00/P1Y,82.7,,,,71.6,,,,78.2,,,
E06000043,Brighton and Hove,County or Unitary Authority,2022-09-01T00:00:00/P1Y,81.8,,,,72.7,,,,79.7,,,
E06000043,Brighton and Hove,County or Unitary Authority,2021-09-01T00:00:00/P1Y,79.5,,,,69.9,,,,77.4,,,
E06000060,Buckinghamshire,County or Unitary Authority,2021-09-01T00:00:00/P1Y,80.9,,,,67.5,,,,76.4,,,
E06000060,Buckinghamshire,County or Unitary Authority,2022-09-01T00:00:00/P1Y,83,,,,72.4,,,,80.3,,,
E06000046,Isle of Wight,County or Unitary Authority,2021-09-01T00:00:00/P1Y,80,,,,66.6,,,,77.5,,,
E06000046,Isle of Wight,County or Unitary Authority,2022-09-01T00:00:00/P1Y,83.2,,,,71.6,,,,80.4,,,
E06000035,Medway,County or Unitary Authority,2022-09-01T00:00:00/P1Y,79.8,,,,69.8,,,,77.3,,,
E06000035,Medway,County or Unitary Authority,2021-09-01T00:00:00/P1Y,79.2,,,,68.4,,,,76,,,
E06000042,Milton Keynes,County or Unitary Authority,2022-09-01T00:00:00/P1Y,81.7,,,,71.8,,,,78.8,,,
E06000042,Milton Keynes,County or Unitary Authority,2021-09-01T00:00:00/P1Y,81.2,,,,69.6,,,,77,,,
E06000044,Portsmouth,County or Unitary Authority,2021-09-01T00:00:00/P1Y,80.5,,,,64.7,,,,75,,,
E06000044,Portsmouth,County or Unitary Authority,2022-09-01T00:00:00/P1Y,78.4,,,,67.6,,,,75.2,,,
E06000038,Reading,County or Unitary Authority,2021-09-01T00:00:00/P1Y,76.4,,,,66.6,,,,75.6,,,
E06000038,Reading,County or Unitary Authority,2022-09-01T00:00:00/P1Y,76.5,,,,67.6,,,,74.7,,,
E06000039,Slough,County or Unitary Authority,2021-09-01T00:00:00/P1Y,79,,,,68.3,,,,75.8,,,
E06000039,Slough,County or Unitary Authority,2022-09-01T00:00:00/P1Y,79.3,,,,70.1,,,,76.9,,,
E06000045,Southampton,County or Unitary Authority,2021-09-01T00:00:00/P1Y,77.8,,,,64.8,,,,73.9,,,
E06000045,Southampton,County or Unitary Authority,2022-09-01T00:00:00/P1Y,79.2,,,,69.2,,,,77.6,,,
E06000037,West Berkshire,County or Unitary Authority,2021-09-01T00:00:00/P1Y,81.5,,,,70.3,,,,79.6,,,
E06000037,West Berkshire,County or Unitary Authority,2022-09-01T00:00:00/P1Y,81.8,,,,71.7,,,,81.2,,,
E06000040,Windsor and Maidenhead,County or Unitary Authority,2022-09-01T00:00:00/P1Y,85,,,,70.1,,,,78.8,,,
E06000040,Windsor and Maidenhead,County or Unitary Authority,2021-09-01T00:00:00/P1Y,85.5,,,,71.2,,,,79.9,,,
E06000041,Wokingham,County or Unitary Authority,2022-09-01T00:00:00/P1Y,86.5,,,,78.6,,,,84.9,,,
E06000041,Wokingham,County or Unitary Authority,2021-09-01T00:00:00/P1Y,87.1,,,,76.6,,,,83,,,
E10000011,East Sussex,County or Unitary Authority,2022-09-01T00:00:00/P1Y,84.3,,,,71.6,,,,79.6,,,
E10000011,East Sussex,County or Unitary Authority,2021-09-01T00:00:00/P1Y,84.3,,,,71.7,,,,79.2,,,
E07000061,Eastbourne,Local Authority District,2022-09-01T00:00:00/P1Y,83.1,,,,69.6,,,,77.8,,,
E07000061,Eastbourne,Local Authority District,2021-09-01T00:00:00/P1Y,82.9,,,,69.6,,,,78.9,,,
E07000062,Hastings,Local Authority District,2021-09-01T00:00:00/P1Y,81,,,,67.6,,,,73.3,,,
E07000062,Hastings,Local Authority District,2022-09-01T00:00:00/P1Y,80.7,,,,68,,,,75,,,
E07000063,Lewes,Local Authority District,2022-09-01T00:00:00/P1Y,84.9,,,,71.7,,,,80.5,,,
E07000063,Lewes,Local Authority District,2021-09-01T00:00:00/P1Y,86.2,,,,73.4,,,,82.3,,,
E07000064,Rother,Local Authority District,2022-09-01T00:00:00/P1Y,85.1,,,,73.7,,,,82,,,
E07000064,Rother,Local Authority District,2021-09-01T00:00:00/P1Y,83.9,,,,71.5,,,,78.8,,,
E07000065,Wealden,Local Authority District,2021-09-01T00:00:00/P1Y,86.5,,,,75.1,,,,81.5,,,
E07000065,Wealden,Local Authority District,2022-09-01T00:00:00/P1Y,86.5,,,,74,,,,81.9,,,
E10000014,Hampshire,County or Unitary Authority,2021-09-01T00:00:00/P1Y,85.8,,,,73.8,,,,82.1,,,
E10000014,Hampshire,County or Unitary Authority,2022-09-01T00:00:00/P1Y,86,,,,74.5,,,,82.4,,,
E07000084,Basingstoke and Deane,Local Authority District,2021-09-01T00:00:00/P1Y,84.6,,,,75.4,,,,81.7,,,
E07000084,Basingstoke and Deane,Local Authority District,2022-09-01T00:00:00/P1Y,84.5,,,,74,,,,81.5,,,
E07000085,East Hampshire,Local Authority District,2021-09-01T00:00:00/P1Y,87.2,,,,74.7,,,,83.5,,,
E07000085,East Hampshire,Local Authority District,2022-09-01T00:00:00/P1Y,86.7,,,,75.2,,,,83.2,,,
E07000086,Eastleigh,Local Authority District,2022-09-01T00:00:00/P1Y,87.4,,,,76.9,,,,85.1,,,
E07000086,Eastleigh,Local Authority District,2021-09-01T00:00:00/P1Y,87.1,,,,74.3,,,,83.3,,,
E07000087,Fareham,Local Authority District,2022-09-01T00:00:00/P1Y,85.7,,,,74.2,,,,80.8,,,
E07000087,Fareham,Local Authority District,2021-09-01T00:00:00/P1Y,87.3,,,,74.1,,,,82.9,,,
E07000088,Gosport,Local Authority District,2022-09-01T00:00:00/P1Y,82.9,,,,69.5,,,,78.5,,,
E07000088,Gosport,Local Authority District,2021-09-01T00:00:00/P1Y,83,,,,67.4,,,,77.4,,,
E07000089,Hart,Local Authority District,2022-09-01T00:00:00/P1Y,88.6,,,,78.1,,,,85.8,,,
E07000089,Hart,Local Authority District,2021-09-01T00:00:00/P1Y,89.1,,,,79.3,,,,85.3,,,
E07000090,Havant,Local Authority District,2022-09-01T00:00:00/P1Y,83.8,,,,69.5,,,,78,,,
E07000090,Havant,Local Authority District,2021-09-01T00:00:00/P1Y,83,,,,67.9,,,,78.5,,,
E07000091,New Forest,Local Authority District,2021-09-01T00:00:00/P1Y,84.9,,,,72.7,,,,81.9,,,
E07000091,New Forest,Local Authority District,2022-09-01T00:00:00/P1Y,86.9,,,,75.7,,,,82.3,,,
E07000092,Rushmoor,Local Authority District,2021-09-01T00:00:00/P1Y,79.7,,,,69.7,,,,78.7,,,
E07000092,Rushmoor,Local Authority District,2022-09-01T00:00:00/P1Y,80.5,,,,68.2,,,,79.8,,,
E07000093,Test Valley,Local Authority District,2022-09-01T00:00:00/P1Y,87.7,,,,75.6,,,,84.4,,,
E07000093,Test Valley,Local Authority District,2021-09-01T00:00:00/P1Y,87.9,,,,75,,,,82.5,,,
E07000094,Winchester,Local Authority District,2022-09-01T00:00:00/P1Y,90.3,,,,79.4,,,,85.2,,,
E07000094,Winchester,Local Authority District,2021-09-01T00:00:00/P1Y,88.9,,,,77.5,,,,85.6,,,
E10000016,Kent,County or Unitary Authority,2022-09-01T00:00:00/P1Y,80.7,,,,70.8,,,,79.2,,,
E10000016,Kent,County or Unitary Authority,2021-09-01T00:00:00/P1Y,80.2,,,,68.8,,,,77.5,,,
E07000105,Ashford,Local Authority District,2022-09-01T00:00:00/P1Y,79.7,,,,71,,,,79.5,,,
E07000105,Ashford,Local Authority District,2021-09-01T00:00:00/P1Y,79.5,,,,72,,,,79.9,,,
E07000106,Canterbury,Local Authority District,2022-09-01T00:00:00/P1Y,78,,,,67.5,,,,76.6,,,
E07000106,Canterbury,Local Authority District,2021-09-01T00:00:00/P1Y,78.3,,,,65.1,,,,74.7,,,
E07000107,Dartford,Local Authority District,2021-09-01T00:00:00/P1Y,80.1,,,,67.5,,,,76.8,,,
E07000107,Dartford,Local Authority District,2022-09-01T00:00:00/P1Y,81.9,,,,72.5,,,,79,,,
E07000108,Dover,Local Authority District,2022-09-01T00:00:00/P1Y,81.2,,,,70.8,,,,78.9,,,
E07000108,Dover,Local Authority District,2021-09-01T00:00:00/P1Y,78.7,,,,69,,,,77.6,,,
E07000112,Folkestone and Hythe,Local Authority District,2021-09-01T00:00:00/P1Y,80.8,,,,70,,,,78.5,,,
E07000112,Folkestone and Hythe,Local Authority District,2022-09-01T00:00:00/P1Y,80.9,,,,71.3,,,,78.6,,,
E07000109,Gravesham,Local Authority District,2022-09-01T00:00:00/P1Y,79.9,,,,69.4,,,,76.2,,,
E07000109,Gravesham,Local Authority District,2021-09-01T00:00:00/P1Y,79.7,,,,68.5,,,,73.8,,,
E07000110,Maidstone,Local Authority District,2021-09-01T00:00:00/P1Y,79.3,,,,67.3,,,,77.1,,,
E07000110,Maidstone,Local Authority District,2022-09-01T00:00:00/P1Y,82.1,,,,73.5,,,,80.9,,,
E07000111,Sevenoaks,Local Authority District,2021-09-01T00:00:00/P1Y,84.3,,,,72,,,,81.6,,,
E07000111,Sevenoaks,Local Authority District,2022-09-01T00:00:00/P1Y,84.2,,,,75.5,,,,83,,,
E07000113,Swale,Local Authority District,2021-09-01T00:00:00/P1Y,77.9,,,,67.5,,,,75.3,,,
E07000113,Swale,Local Authority District,2022-09-01T00:00:00/P1Y,78.8,,,,69.4,,,,78.7,,,
E07000114,Thanet,Local Authority District,2022-09-01T00:00:00/P1Y,77.1,,,,64.5,,,,75.8,,,
E07000114,Thanet,Local Authority District,2021-09-01T00:00:00/P1Y,75.7,,,,63.1,,,,72,,,
E07000115,Tonbridge and Malling,Local Authority District,2021-09-01T00:00:00/P1Y,84.2,,,,73.6,,,,82.1,,,
E07000115,Tonbridge and Malling,Local Authority District,2022-09-01T00:00:00/P1Y,82.7,,,,72.1,,,,81.9,,,
E07000116,Tunbridge Wells,Local Authority District,2022-09-01T00:00:00/P1Y,82.7,,,,72.6,,,,81.3,,,
E07000116,Tunbridge Wells,Local Authority District,2021-09-01T00:00:00/P1Y,85.1,,,,71.1,,,,82.4,,,
E10000025,Oxfordshire ,County or Unitary Authority,2021-09-01T00:00:00/P1Y,82.5,,,,70.5,,,,79.2,,,
E10000025,Oxfordshire ,County or Unitary Authority,2022-09-01T00:00:00/P1Y,83,,,,72.2,,,,80.5,,,
E07000177,Cherwell,Local Authority District,2021-09-01T00:00:00/P1Y,81.6,,,,71.2,,,,79.2,,,
E07000177,Cherwell,Local Authority District,2022-09-01T00:00:00/P1Y,81.2,,,,70.5,,,,79.6,,,
E07000178,Oxford,Local Authority District,2021-09-01T00:00:00/P1Y,81.1,,,,66.7,,,,75.5,,,
E07000178,Oxford,Local Authority District,2022-09-01T00:00:00/P1Y,82.6,,,,69,,,,78.1,,,
E07000179,South Oxfordshire,Local Authority District,2022-09-01T00:00:00/P1Y,85.1,,,,74.3,,,,82.7,,,
E07000179,South Oxfordshire,Local Authority District,2021-09-01T00:00:00/P1Y,84.8,,,,70.4,,,,80.2,,,
E07000180,Vale of White Horse,Local Authority District,2022-09-01T00:00:00/P1Y,81.5,,,,71.4,,,,79.7,,,
E07000180,Vale of White Horse,Local Authority District,2021-09-01T00:00:00/P1Y,80.4,,,,68.4,,,,78.5,,,
E07000181,West Oxfordshire,Local Authority District,2022-09-01T00:00:00/P1Y,85.2,,,,76.1,,,,82.3,,,
E07000181,West Oxfordshire,Local Authority District,2021-09-01T00:00:00/P1Y,84.8,,,,77,,,,82.8,,,
E10000030,Surrey,County or Unitary Authority,2021-09-01T00:00:00/P1Y,85.5,,,,76.1,,,,83.6,,,
E10000030,Surrey,County or Unitary Authority,2022-09-01T00:00:00/P1Y,84.8,,,,76.4,,,,84.1,,,
E07000207,Elmbridge,Local Authority District,2021-09-01T00:00:00/P1Y,88.1,,,,79.2,,,,86.6,,,
E07000207,Elmbridge,Local Authority District,2022-09-01T00:00:00/P1Y,88.4,,,,79.6,,,,87.2,,,
E07000208,Epsom and Ewell,Local Authority District,2022-09-01T00:00:00/P1Y,83.6,,,,77.4,,,,85,,,
E07000208,Epsom and Ewell,Local Authority District,2021-09-01T00:00:00/P1Y,85.5,,,,78,,,,84,,,
E07000209,Guildford,Local Authority District,2022-09-01T00:00:00/P1Y,85.1,,,,76.7,,,,83.4,,,
E07000209,Guildford,Local Authority District,2021-09-01T00:00:00/P1Y,83.7,,,,73.7,,,,81.9,,,
E07000210,Mole Valley,Local Authority District,2022-09-01T00:00:00/P1Y,84.5,,,,75.3,,,,82.3,,,
E07000210,Mole Valley,Local Authority District,2021-09-01T00:00:00/P1Y,84.4,,,,76,,,,81.3,,,
E07000211,Reigate and Banstead,Local Authority District,2022-09-01T00:00:00/P1Y,82.6,,,,74.3,,,,82.4,,,
E07000211,Reigate and Banstead,Local Authority District,2021-09-01T00:00:00/P1Y,84.5,,,,74.2,,,,82.7,,,
E07000212,Runnymede,Local Authority District,2022-09-01T00:00:00/P1Y,83.2,,,,74,,,,80.4,,,
E07000212,Runnymede,Local Authority District,2021-09-01T00:00:00/P1Y,85.7,,,,74,,,,79.8,,,
E07000213,Spelthorne,Local Authority District,2022-09-01T00:00:00/P1Y,79.2,,,,72.7,,,,81.5,,,
E07000213,Spelthorne,Local Authority District,2021-09-01T00:00:00/P1Y,82,,,,73.5,,,,81.3,,,
E07000214,Surrey Heath,Local Authority District,2022-09-01T00:00:00/P1Y,85.2,,,,75.3,,,,85.7,,,
E07000214,Surrey Heath,Local Authority District,2021-09-01T00:00:00/P1Y,86.9,,,,77.8,,,,85.8,,,
E07000215,Tandridge,Local Authority District,2022-09-01T00:00:00/P1Y,85.4,,,,77.4,,,,84.5,,,
E07000215,Tandridge,Local Authority District,2021-09-01T00:00:00/P1Y,87,,,,77.4,,,,84.5,,,
E07000216,Waverley,Local Authority District,2022-09-01T00:00:00/P1Y,88.5,,,,80.2,,,,86.6,,,
E07000216,Waverley,Local Authority District,2021-09-01T00:00:00/P1Y,87.8,,,,79.3,,,,87,,,
E07000217,Woking,Local Authority District,2022-09-01T00:00:00/P1Y,85.7,,,,76.2,,,,84.4,,,
E07000217,Woking,Local Authority District,2021-09-01T00:00:00/P1Y,84,,,,73.9,,,,82.9,,,
E10000032,West Sussex,County or Unitary Authority,2022-09-01T00:00:00/P1Y,82.8,,,,70.9,,,,80,,,
E10000032,West Sussex,County or Unitary Authority,2021-09-01T00:00:00/P1Y,81.8,,,,68,,,,77.5,,,
E07000223,Adur,Local Authority District,2022-09-01T00:00:00/P1Y,85.3,,,,73.1,,,,81.9,,,
E07000223,Adur,Local Authority District,2021-09-01T00:00:00/P1Y,81.8,,,,69.7,,,,78.6,,,
E07000224,Arun,Local Authority District,2021-09-01T00:00:00/P1Y,82.9,,,,66.2,,,,75.6,,,
E07000224,Arun,Local Authority District,2022-09-01T00:00:00/P1Y,83,,,,70.1,,,,79.1,,,
E07000225,Chichester,Local Authority District,2021-09-01T00:00:00/P1Y,81.4,,,,65.5,,,,76.7,,,
E07000225,Chichester,Local Authority District,2022-09-01T00:00:00/P1Y,84.1,,,,72.1,,,,80.1,,,
E07000226,Crawley,Local Authority District,2022-09-01T00:00:00/P1Y,78.4,,,,65.5,,,,75.5,,,
E07000226,Crawley,Local Authority District,2021-09-01T00:00:00/P1Y,78.4,,,,65.8,,,,73.2,,,
E07000227,Horsham,Local Authority District,2022-09-01T00:00:00/P1Y,84,,,,72.6,,,,82.5,,,
E07000227,Horsham,Local Authority District,2021-09-01T00:00:00/P1Y,83.3,,,,70.4,,,,79.7,,,
E07000228,Mid Sussex,Local Authority District,2022-09-01T00:00:00/P1Y,84.6,,,,71.2,,,,81.3,,,
E07000228,Mid Sussex,Local Authority District,2021-09-01T00:00:00/P1Y,84.1,,,,69.9,,,,80.1,,,
E07000229,Worthing,Local Authority District,2022-09-01T00:00:00/P1Y,81.5,,,,73.8,,,,80.9,,,
E07000229,Worthing,Local Authority District,2021-09-01T00:00:00/P1Y,79.1,,,,68.9,,,,78.5,,,
E12000009,South West,Region,2021-09-01T00:00:00/P1Y,81.8,,,,69.7,,,,78.2,,,
E12000009,South West,Region,2022-09-01T00:00:00/P1Y,81.6,,,,71.2,,,,78.9,,,
E06000022,Bath and North East Somerset,County or Unitary Authority,2022-09-01T00:00:00/P1Y,83.5,,,,74.3,,,,81.5,,,
E06000022,Bath and North East Somerset,County or Unitary Authority,2021-09-01T00:00:00/P1Y,85.8,,,,73.8,,,,82.2,,,
E06000058,"Bournemouth, Christchurch and Poole",County or Unitary Authority,2021-09-01T00:00:00/P1Y,83,,,,69.9,,,,78.1,,,
E06000058,"Bournemouth, Christchurch and Poole",County or Unitary Authority,2022-09-01T00:00:00/P1Y,83,,,,71.8,,,,79.9,,,
E06000023,"Bristol, City of",County or Unitary Authority,2022-09-01T00:00:00/P1Y,79.4,,,,69.2,,,,76.4,,,
E06000023,"Bristol, City of",County or Unitary Authority,2021-09-01T00:00:00/P1Y,79.4,,,,68.2,,,,76.1,,,
E06000052,Cornwall,County or Unitary Authority,2022-09-01T00:00:00/P1Y,82.3,,,,71.2,,,,79.4,,,
E06000052,Cornwall,County or Unitary Authority,2021-09-01T00:00:00/P1Y,81.9,,,,69.4,,,,78.4,,,
E06000059,Dorset,County or Unitary Authority,2021-09-01T00:00:00/P1Y,83.5,,,,69.7,,,,77.7,,,
E06000059,Dorset,County or Unitary Authority,2022-09-01T00:00:00/P1Y,83.7,,,,71,,,,80.1,,,
E06000053,Isles of Scilly,County or Unitary Authority,2021-09-01T00:00:00/P1Y,100,,,,80,,,,100,,,
E06000053,Isles of Scilly,County or Unitary Authority,2022-09-01T00:00:00/P1Y,69.2,,,,76.9,,,,84.6,,,
E06000024,North Somerset,County or Unitary Authority,2022-09-01T00:00:00/P1Y,84.4,,,,75,,,,81.8,,,
E06000024,North Somerset,County or Unitary Authority,2021-09-01T00:00:00/P1Y,85.6,,,,74.7,,,,82.7,,,
E06000026,Plymouth,County or Unitary Authority,2022-09-01T00:00:00/P1Y,77.4,,,,67.4,,,,76.4,,,
E06000026,Plymouth,County or Unitary Authority,2021-09-01T00:00:00/P1Y,78.4,,,,66.6,,,,75.1,,,
E06000025,South Gloucestershire,County or Unitary Authority,2021-09-01T00:00:00/P1Y,83.3,,,,72.7,,,,80.3,,,
E06000025,South Gloucestershire,County or Unitary Authority,2022-09-01T00:00:00/P1Y,83.8,,,,75,,,,81.6,,,
E06000030,Swindon,County or Unitary Authority,2021-09-01T00:00:00/P1Y,79.1,,,,67.5,,,,75.5,,,
E06000030,Swindon,County or Unitary Authority,2022-09-01T00:00:00/P1Y,79.8,,,,69.1,,,,75.4,,,
E06000027,Torbay,County or Unitary Authority,2021-09-01T00:00:00/P1Y,78.8,,,,68.1,,,,74.9,,,
E06000027,Torbay,County or Unitary Authority,2022-09-01T00:00:00/P1Y,74.8,,,,66,,,,75,,,
E06000054,Wiltshire,County or Unitary Authority,2021-09-01T00:00:00/P1Y,83.3,,,,69.9,,,,79.7,,,
E06000054,Wiltshire,County or Unitary Authority,2022-09-01T00:00:00/P1Y,82.8,,,,71.8,,,,80.5,,,
E10000008,Devon,County or Unitary Authority,2022-09-01T00:00:00/P1Y,80.6,,,,70.7,,,,79.1,,,
E10000008,Devon,County or Unitary Authority,2021-09-01T00:00:00/P1Y,80.7,,,,69.7,,,,78.8,,,
E07000040,East Devon,Local Authority District,2022-09-01T00:00:00/P1Y,80,,,,71.3,,,,78.8,,,
E07000040,East Devon,Local Authority District,2021-09-01T00:00:00/P1Y,82.5,,,,70.6,,,,81,,,
E07000041,Exeter,Local Authority District,2022-09-01T00:00:00/P1Y,77.9,,,,66.9,,,,76.7,,,
E07000041,Exeter,Local Authority District,2021-09-01T00:00:00/P1Y,78,,,,68.5,,,,78.3,,,
E07000042,Mid Devon,Local Authority District,2022-09-01T00:00:00/P1Y,81.1,,,,70.2,,,,80.1,,,
E07000042,Mid Devon,Local Authority District,2021-09-01T00:00:00/P1Y,80,,,,69.5,,,,77.1,,,
E07000043,North Devon,Local Authority District,2022-09-01T00:00:00/P1Y,79,,,,69.5,,,,78.6,,,
E07000043,North Devon,Local Authority District,2021-09-01T00:00:00/P1Y,79.2,,,,66.6,,,,76.5,,,
E07000044,South Hams,Local Authority District,2021-09-01T00:00:00/P1Y,86.5,,,,77.8,,,,86.2,,,
E07000044,South Hams,Local Authority District,2022-09-01T00:00:00/P1Y,86.1,,,,78.2,,,,84.9,,,
E07000045,Teignbridge,Local Authority District,2022-09-01T00:00:00/P1Y,81.4,,,,72.5,,,,80.3,,,
E07000045,Teignbridge,Local Authority District,2021-09-01T00:00:00/P1Y,80.9,,,,71.1,,,,80,,,
E07000046,Torridge,Local Authority District,2022-09-01T00:00:00/P1Y,79.7,,,,65.2,,,,74.7,,,
E07000046,Torridge,Local Authority District,2021-09-01T00:00:00/P1Y,77.7,,,,65.6,,,,71.6,,,
E07000047,West Devon,Local Authority District,2021-09-01T00:00:00/P1Y,79.8,,,,66.5,,,,75.3,,,
E07000047,West Devon,Local Authority District,2022-09-01T00:00:00/P1Y,80.6,,,,69.5,,,,76.5,,,
E10000013,Gloucestershire,County or Unitary Authority,2021-09-01T00:00:00/P1Y,82.6,,,,71,,,,78.6,,,
E10000013,Gloucestershire,County or Unitary Authority,2022-09-01T00:00:00/P1Y,82.7,,,,72.1,,,,78.9,,,
E07000078,Cheltenham,Local Authority District,2021-09-01T00:00:00/P1Y,81.7,,,,70.2,,,,77.6,,,
E07000078,Cheltenham,Local Authority District,2022-09-01T00:00:00/P1Y,82.8,,,,73,,,,79.5,,,
E07000079,Cotswold,Local Authority District,2021-09-01T00:00:00/P1Y,85.3,,,,75,,,,81.2,,,
E07000079,Cotswold,Local Authority District,2022-09-01T00:00:00/P1Y,84.6,,,,74.8,,,,80.5,,,
E07000080,Forest of Dean,Local Authority District,2022-09-01T00:00:00/P1Y,79.7,,,,68.5,,,,74.7,,,
E07000080,Forest of Dean,Local Authority District,2021-09-01T00:00:00/P1Y,80.7,,,,65.5,,,,75.5,,,
E07000081,Gloucester,Local Authority District,2022-09-01T00:00:00/P1Y,79.9,,,,69.6,,,,75.8,,,
E07000081,Gloucester,Local Authority District,2021-09-01T00:00:00/P1Y,80.1,,,,69.2,,,,76.8,,,
E07000082,Stroud,Local Authority District,2022-09-01T00:00:00/P1Y,84.1,,,,72.9,,,,80.8,,,
E07000082,Stroud,Local Authority District,2021-09-01T00:00:00/P1Y,84.8,,,,72.2,,,,80.1,,,
E07000083,Tewkesbury,Local Authority District,2022-09-01T00:00:00/P1Y,86.4,,,,75.2,,,,82.8,,,
E07000083,Tewkesbury,Local Authority District,2021-09-01T00:00:00/P1Y,83.8,,,,74.4,,,,80.7,,,
E10000027,Somerset ,County or Unitary Authority,2021-09-01T00:00:00/P1Y,81.1,,,,67.8,,,,76.8,,,
E10000027,Somerset ,County or Unitary Authority,2022-09-01T00:00:00/P1Y,81.1,,,,70.7,,,,78.2,,,
E07000187,Mendip,Local Authority District,2022-09-01T00:00:00/P1Y,83.2,,,,72.4,,,,78.5,,,
E07000187,Mendip,Local Authority District,2021-09-01T00:00:00/P1Y,84.9,,,,69.4,,,,78.6,,,
E07000188,Sedgemoor,Local Authority District,2021-09-01T00:00:00/P1Y,78.9,,,,66.6,,,,75.8,,,
E07000188,Sedgemoor,Local Authority District,2022-09-01T00:00:00/P1Y,79.3,,,,69.2,,,,77.4,,,
E07000246,Somerset West and Taunton,Local Authority District,2022-09-01T00:00:00/P1Y,80,,,,69.3,,,,77.2,,,
E07000246,Somerset West and Taunton,Local Authority District,2021-09-01T00:00:00/P1Y,80.3,,,,65.9,,,,76.3,,,
E07000189,South Somerset,Local Authority District,2022-09-01T00:00:00/P1Y,82.2,,,,72.1,,,,79.6,,,
E07000189,South Somerset,Local Authority District,2021-09-01T00:00:00/P1Y,80.8,,,,69.5,,,,76.6,,,
